2006,AUSTRALIA,1.2,ME,1
2006,AUSTRALIA,2.1,ME,1
2006,AUSTRALIA,2.2,WE,1
2006,AUSTRALIA,2.HC,ME,1
2006,AUSTRIA,1.2,ME,1
2006,AUSTRIA,2.HC,ME,1
2006,BELGIUM,1.1,ME,16
2006,BELGIUM,1.1,MJ,13
2006,BELGIUM,1.2,ME,10
2006,BELGIUM,1.2,WE,2
2006,BELGIUM,1.2U,MU,3
2006,BELGIUM,1.HC,ME,4
2006,BELGIUM,1.UWT,ME,4
2006,BELGIUM,2.1,ME,3
2006,BELGIUM,2.1,MJ,2
2006,BELGIUM,2.2,ME,1
2006,BELGIUM,2.2U,MU,1
2006,BELGIUM,2.HC,ME,2
2006,BELGIUM,2.HC,MJ,1
2006,BELGIUM,2.UWT,ME,1
2006,BOLIVARIAN REPUBLIC OF VENEZUELA,2.2,ME,3
2006,BOLIVIA,2.2,ME,2
2006,BRAZIL,1.2,ME,3
2006,BRAZIL,1.2,WE,1
2006,BRAZIL,2.2,ME,3
2006,BULGARIA,2.2,ME,1
2006,BURKINA FASO,2.2,ME,2
2006,CAMEROON,2.2,ME,1
2006,CANADA,2.1,WE,1
2006,CANADA,2.2,ME,1
2006,CANADA,2.HC,MJ,1
2006,CHILE,2.2,ME,2
2006,CHINESE TAIPEI,2.2,ME,2
2006,COLOMBIA,2.2,ME,1
2006,COSTA RICA,2.2,ME,1
2006,CROATIA,1.2,ME,1
2006,CROATIA,2.2,ME,1
2006,CROATIA,2.HC,MJ,1
2006,CUBA,2.2,ME,1
2006,CZECH REPUBLIC,2.2,WE,2
2006,CZECH REPUBLIC,2.HC,ME,1
2006,CZECH REPUBLIC,2.HC,MJ,1
2006,DENMARK,1.1,ME,2
2006,DENMARK,2.HC,ME,1
2006,EGYPT,2.2,ME,1
2006,EL SALVADOR,1.2,WE,1
2006,EL SALVADOR,2.1,WE,1
2006,EL SALVADOR,2.2,ME,1
2006,ESTONIA,1.1,ME,2
2006,FORMER YUGOSLAV REPUBLIC OF MACEDONIA,2.2,ME,1
2006,FRANCE,1.1,ME,21
2006,FRANCE,1.1,MJ,4
2006,FRANCE,1.1,WE,2
2006,FRANCE,1.1,WJ,1
2006,FRANCE,1.2,ME,14
2006,FRANCE,1.2U,MU,3
2006,FRANCE,1.HC,ME,1
2006,FRANCE,1.HC,MJ,1
2006,FRANCE,1.UWT,ME,3
2006,FRANCE,2.1,ME,11
2006,FRANCE,2.1,MJ,1
2006,FRANCE,2.1,WE,1
2006,FRANCE,2.2,ME,10
2006,FRANCE,2.2,WE,6
2006,FRANCE,2.2U,MU,1
2006,FRANCE,2.HC,ME,2
2006,FRANCE,2.HC,MJ,1
2006,FRANCE,2.UWT,ME,3
2006,GABON,2.2,ME,1
2006,GERMANY,1.1,ME,7
2006,GERMANY,1.1,WE,1
2006,GERMANY,1.2,ME,4
2006,GERMANY,1.HC,ME,1
2006,GERMANY,1.UWT,ME,1
2006,GERMANY,2.1,ME,5
2006,GERMANY,2.1,MJ,2
2006,GERMANY,2.1,WE,1
2006,GERMANY,2.2,ME,1
2006,GERMANY,2.2U,MU,2
2006,GERMANY,2.HC,ME,1
2006,GERMANY,2.HC,MJ,1
2006,GERMANY,2.UWT,ME,1
2006,GREAT BRITAIN,2.1,ME,1
2006,GREECE,2.2,ME,1
2006,"HONG KONG, CHINA",2.2,ME,2
2006,HUNGARY,2.2,ME,1
2006,INDONESIA,2.2,ME,2
2006,IRELAND,2.2,ME,1
2006,ISLAMIC REPUBLIC OF IRAN,2.1,MJ,1
2006,ISLAMIC REPUBLIC OF IRAN,2.2,ME,4
2006,ITALY,1.1,ME,24
2006,ITALY,1.1,MJ,9
2006,ITALY,1.1,WE,1
2006,ITALY,1.2,ME,26
2006,ITALY,1.2,WE,4
2006,ITALY,1.2U,MU,2
2006,ITALY,1.HC,ME,7
2006,ITALY,1.UWT,ME,2
2006,ITALY,2.1,ME,3
2006,ITALY,2.1,MJ,3
2006,ITALY,2.1,WE,3
2006,ITALY,2.2,ME,6
2006,ITALY,2.2U,MU,1
2006,ITALY,2.HC,MJ,1
2006,ITALY,2.UWT,ME,2
2006,JAPAN,1.1,ME,1
2006,JAPAN,1.2,ME,1
2006,JAPAN,2.2,ME,2
2006,KOREA,2.2,ME,1
2006,LATVIA,1.2,ME,1
2006,LUXEMBOURG,1.2,ME,2
2006,LUXEMBOURG,2.2,ME,1
2006,LUXEMBOURG,2.HC,ME,1
2006,LUXEMBOURG,2.HC,MJ,1
2006,MALAYSIA,2.HC,ME,1
2006,MEXICO,2.2,ME,2
2006,NETHERLANDS,1.1,ME,5
2006,NETHERLANDS,1.2,ME,3
2006,NETHERLANDS,1.2,WE,4
2006,NETHERLANDS,1.HC,ME,1
2006,NETHERLANDS,1.UWT,ME,2
2006,NETHERLANDS,2.1,ME,1
2006,NETHERLANDS,2.1,WE,2
2006,NETHERLANDS,2.2,ME,2
2006,NETHERLANDS,2.2,WE,2
2006,NETHERLANDS,2.HC,MJ,1
2006,NEW ZEALAND,2.2,ME,2
2006,NEW ZEALAND,2.2,WE,1
2006,NORWAY,2.2,ME,2
2006,PEOPLE'S REPUBLIC OF CHINA,2.2,ME,1
2006,PEOPLE'S REPUBLIC OF CHINA,2.HC,ME,1
2006,POLAND,1.1,ME,1
2006,POLAND,1.2,ME,5
2006,POLAND,2.1,ME,2
2006,POLAND,2.1,MJ,1
2006,POLAND,2.2,ME,2
2006,POLAND,2.2,WE,1
2006,POLAND,2.HC,MJ,1
2006,POLAND,2.UWT,ME,1
2006,PORTUGAL,2.1,ME,6
2006,PORTUGAL,2.HC,ME,1
2006,QATAR,1.1,ME,1
2006,QATAR,2.1,ME,1
2006,RUSSIAN FEDERATION,1.2,ME,3
2006,RUSSIAN FEDERATION,2.2,ME,3
2006,SAN MARINO,2.2,WE,1
2006,SENEGAL,2.2,ME,1
2006,SERBIA,1.2,ME,1
2006,SERBIA,2.2,ME,1
2006,SLOVAKIA,1.2,ME,4
2006,SLOVAKIA,2.2,ME,1
2006,SLOVENIA,1.2,ME,1
2006,SLOVENIA,2.1,ME,1
2006,SLOVENIA,2.1,MJ,1
2006,SOUTH AFRICA,2.2,ME,1
2006,SPAIN,1.1,ME,14
2006,SPAIN,1.2,ME,3
2006,SPAIN,1.2,WE,1
2006,SPAIN,1.2U,MU,1
2006,SPAIN,1.UWT,ME,1
2006,SPAIN,2.1,ME,7
2006,SPAIN,2.1,MJ,1
2006,SPAIN,2.1,WE,1
2006,SPAIN,2.2,ME,7
2006,SPAIN,2.HC,ME,2
2006,SPAIN,2.UWT,ME,3
2006,SWEDEN,1.2,ME,1
2006,SWITZERLAND,1.1,ME,2
2006,SWITZERLAND,1.1,WE,1
2006,SWITZERLAND,1.2,ME,3
2006,SWITZERLAND,1.HC,ME,1
2006,SWITZERLAND,1.UWT,ME,1
2006,SWITZERLAND,2.1,MJ,1
2006,SWITZERLAND,2.2U,MU,1
2006,SWITZERLAND,2.HC,MJ,1
2006,SWITZERLAND,2.UWT,ME,2
2006,THAILAND,2.2,ME,2
2006,TURKEY,2.2,ME,1
2006,UNITED STATES OF AMERICA,1.1,ME,2
2006,UNITED STATES OF AMERICA,1.1,WE,1
2006,UNITED STATES OF AMERICA,1.2,ME,1
2006,UNITED STATES OF AMERICA,1.HC,ME,1
2006,UNITED STATES OF AMERICA,2.1,ME,1
2006,UNITED STATES OF AMERICA,2.HC,ME,1
2007,ARGENTINA,2.2,ME,1
2007,AUSTRALIA,1.2,ME,1
2007,AUSTRALIA,2.1,ME,1
2007,AUSTRALIA,2.2,WE,1
2007,AUSTRALIA,2.HC,ME,1
2007,AUSTRIA,1.2,ME,2
2007,AUSTRIA,2.HC,ME,1
2007,BELGIUM,1.1,ME,18
2007,BELGIUM,1.1,MJ,11
2007,BELGIUM,1.2,ME,9
2007,BELGIUM,1.2,WE,2
2007,BELGIUM,1.2U,MU,2
2007,BELGIUM,1.HC,ME,4
2007,BELGIUM,1.Ncup,MU,1
2007,BELGIUM,1.UWT,ME,4
2007,BELGIUM,2.1,ME,3
2007,BELGIUM,2.1,MJ,2
2007,BELGIUM,2.2,ME,1
2007,BELGIUM,2.2U,MU,1
2007,BELGIUM,2.HC,ME,2
2007,BELGIUM,2.HC,MJ,1
2007,BELGIUM,2.UWT,ME,1
2007,BOLIVARIAN REPUBLIC OF VENEZUELA,1.2,ME,2
2007,BOLIVARIAN REPUBLIC OF VENEZUELA,2.2,ME,3
2007,BOLIVIA,2.2,ME,2
2007,BOSNIA AND HERZEGOVINA,1.2,ME,1
2007,BRAZIL,1.2,ME,3
2007,BRAZIL,1.2,WE,1
2007,BRAZIL,2.2,ME,4
2007,BULGARIA,2.2,ME,1
2007,BURKINA FASO,2.2,ME,2
2007,CAMEROON,2.2,ME,2
2007,CANADA,2.1,WE,1
2007,CANADA,2.2,ME,1
2007,CANADA,2.2,WE,1
2007,CANADA,2.HC,MJ,1
2007,CHILE,2.2,ME,1
2007,CHINESE TAIPEI,2.2,ME,1
2007,COLOMBIA,2.2,ME,1
2007,COSTA RICA,2.2,ME,1
2007,CROATIA,1.2,ME,1
2007,CROATIA,2.2,ME,2
2007,CROATIA,2.HC,MJ,1
2007,CUBA,2.2,ME,1
2007,CZECH REPUBLIC,1.2,ME,1
2007,CZECH REPUBLIC,2.2,WE,2
2007,CZECH REPUBLIC,2.HC,MJ,1
2007,DENMARK,1.1,ME,2
2007,DENMARK,2.HC,ME,1
2007,EGYPT,1.2,ME,1
2007,EGYPT,2.2,ME,1
2007,EL SALVADOR,1.2,WE,1
2007,EL SALVADOR,2.2,ME,1
2007,EL SALVADOR,2.2,WE,1
2007,ESTONIA,1.1,ME,1
2007,ESTONIA,1.2,ME,1
2007,FRANCE,1.1,ME,20
2007,FRANCE,1.1,MJ,4
2007,FRANCE,1.1,WE,2
2007,FRANCE,1.1,WJ,1
2007,FRANCE,1.2,ME,14
2007,FRANCE,1.2,WE,1
2007,FRANCE,1.2U,MU,2
2007,FRANCE,1.HC,ME,1
2007,FRANCE,1.HC,MJ,1
2007,FRANCE,1.Ncup,MU,1
2007,FRANCE,1.UWT,ME,3
2007,FRANCE,2.1,ME,10
2007,FRANCE,2.1,MJ,2
2007,FRANCE,2.1,WE,2
2007,FRANCE,2.2,ME,12
2007,FRANCE,2.2,WE,5
2007,FRANCE,2.2U,MU,2
2007,FRANCE,2.HC,ME,2
2007,FRANCE,2.Ncup,MU,1
2007,FRANCE,2.UWT,ME,3
2007,GABON,2.2,ME,1
2007,GERMANY,1.1,ME,6
2007,GERMANY,1.1,WE,1
2007,GERMANY,1.2,ME,2
2007,GERMANY,1.HC,ME,2
2007,GERMANY,1.UWT,ME,1
2007,GERMANY,2.1,ME,5
2007,GERMANY,2.1,MJ,3
2007,GERMANY,2.1,WE,1
2007,GERMANY,2.2,ME,1
2007,GERMANY,2.2,WE,1
2007,GERMANY,2.2U,MU,2
2007,GERMANY,2.HC,ME,1
2007,GERMANY,2.HC,MJ,1
2007,GERMANY,2.UWT,ME,1
2007,GREAT BRITAIN,1.2,ME,1
2007,GREAT BRITAIN,2.1,ME,1
2007,GUATEMALA,2.2,ME,1
2007,"HONG KONG, CHINA",2.2,ME,2
2007,HUNGARY,1.2,ME,2
2007,HUNGARY,2.2,ME,1
2007,INDONESIA,2.2,ME,1
2007,IRELAND,2.1,ME,1
2007,IRELAND,2.2,ME,1
2007,ISLAMIC REPUBLIC OF IRAN,2.1,MJ,1
2007,ISLAMIC REPUBLIC OF IRAN,2.2,ME,4
2007,ITALY,1.1,ME,21
2007,ITALY,1.1,MJ,9
2007,ITALY,1.1,WE,1
2007,ITALY,1.1,WJ,1
2007,ITALY,1.2,ME,26
2007,ITALY,1.2,WE,4
2007,ITALY,1.2U,MU,6
2007,ITALY,1.HC,ME,6
2007,ITALY,1.UWT,ME,2
2007,ITALY,2.1,ME,4
2007,ITALY,2.1,MJ,3
2007,ITALY,2.1,WE,3
2007,ITALY,2.2,ME,4
2007,ITALY,2.HC,MJ,1
2007,ITALY,2.Ncup,MU,1
2007,ITALY,2.UWT,ME,2
2007,JAPAN,1.1,ME,1
2007,JAPAN,1.2,ME,1
2007,JAPAN,2.2,ME,2
2007,KOREA,2.2,ME,1
2007,LATVIA,1.2,ME,1
2007,LIBYA,2.2,ME,1
2007,LUXEMBOURG,2.2,ME,1
2007,LUXEMBOURG,2.HC,ME,1
2007,LUXEMBOURG,2.HC,MJ,1
2007,MALAYSIA,2.2,ME,2
2007,MALAYSIA,2.HC,ME,1
2007,MEXICO,2.2,ME,1
2007,MONTENEGRO,2.2,ME,1
2007,MOROCCO,2.2,ME,2
2007,NETHERLANDS,1.1,ME,7
2007,NETHERLANDS,1.1,WE,2
2007,NETHERLANDS,1.2,ME,3
2007,NETHERLANDS,1.2,WE,4
2007,NETHERLANDS,1.HC,ME,1
2007,NETHERLANDS,1.UWT,ME,2
2007,NETHERLANDS,2.1,ME,1
2007,NETHERLANDS,2.2,ME,2
2007,NETHERLANDS,2.2,WE,2
2007,NETHERLANDS,2.HC,MJ,1
2007,NEW ZEALAND,2.2,ME,2
2007,NEW ZEALAND,2.2,WE,1
2007,NORWAY,2.2,ME,1
2007,PEOPLE'S REPUBLIC OF CHINA,1.2,WE,1
2007,PEOPLE'S REPUBLIC OF CHINA,2.2,ME,2
2007,PEOPLE'S REPUBLIC OF CHINA,2.2,WE,1
2007,PEOPLE'S REPUBLIC OF CHINA,2.HC,ME,1
2007,POLAND,1.1,ME,1
2007,POLAND,1.2,ME,4
2007,POLAND,2.1,ME,2
2007,POLAND,2.1,MJ,1
2007,POLAND,2.2,ME,4
2007,POLAND,2.2,WE,1
2007,POLAND,2.HC,MJ,1
2007,POLAND,2.UWT,ME,1
2007,PORTUGAL,2.1,ME,6
2007,PORTUGAL,2.HC,ME,1
2007,PORTUGAL,2.Ncup,MU,1
2007,QATAR,2.1,ME,1
2007,RUSSIAN FEDERATION,1.2,ME,3
2007,RUSSIAN FEDERATION,2.2,ME,3
2007,SAN MARINO,2.1,WE,1
2007,SENEGAL,2.2,ME,1
2007,SERBIA,1.1,MJ,1
2007,SERBIA,1.2,ME,2
2007,SERBIA,2.2,ME,1
2007,SLOVAKIA,1.2,ME,3
2007,SLOVAKIA,1.2U,MU,1
2007,SLOVAKIA,2.2,ME,1
2007,SLOVENIA,1.1,ME,1
2007,SLOVENIA,2.1,ME,1
2007,SLOVENIA,2.1,MJ,1
2007,SOUTH AFRICA,1.2,ME,1
2007,SOUTH AFRICA,2.2,ME,1
2007,SPAIN,1.1,ME,13
2007,SPAIN,1.2,ME,1
2007,SPAIN,1.2,WE,1
2007,SPAIN,1.HC,ME,1
2007,SPAIN,1.UWT,ME,1
2007,SPAIN,2.1,ME,7
2007,SPAIN,2.1,MJ,1
2007,SPAIN,2.1,WE,1
2007,SPAIN,2.2,ME,7
2007,SPAIN,2.HC,ME,2
2007,SPAIN,2.UWT,ME,3
2007,SWEDEN,1.2,ME,1
2007,SWITZERLAND,1.1,ME,2
2007,SWITZERLAND,1.1,WE,1
2007,SWITZERLAND,1.2,ME,2
2007,SWITZERLAND,1.HC,ME,1
2007,SWITZERLAND,2.1,MJ,1
2007,SWITZERLAND,2.HC,MJ,1
2007,SWITZERLAND,2.Ncup,MU,1
2007,SWITZERLAND,2.UWT,ME,2
2007,THAILAND,2.2,ME,1
2007,TUNISIA,1.2,ME,1
2007,TUNISIA,2.2,ME,2
2007,TURKEY,2.2,ME,3
2007,UNITED STATES OF AMERICA,1.1,ME,3
2007,UNITED STATES OF AMERICA,1.1,WE,1
2007,UNITED STATES OF AMERICA,1.2,ME,3
2007,UNITED STATES OF AMERICA,1.2,WE,1
2007,UNITED STATES OF AMERICA,1.HC,ME,1
2007,UNITED STATES OF AMERICA,2.1,ME,1
2007,UNITED STATES OF AMERICA,2.HC,ME,2
2008,ARGENTINA,2.2,ME,1
2008,AUSTRALIA,1.2,ME,1
2008,AUSTRALIA,2.1,ME,1
2008,AUSTRALIA,2.2,WE,1
2008,AUSTRALIA,2.UWT,ME,1
2008,AUSTRIA,1.2,ME,1
2008,AUSTRIA,2.HC,ME,1
2008,BELGIUM,1.1,ME,17
2008,BELGIUM,1.1,MJ,11
2008,BELGIUM,1.2,ME,8
2008,BELGIUM,1.2,WE,3
2008,BELGIUM,1.2U,MU,1
2008,BELGIUM,1.HC,ME,5
2008,BELGIUM,1.Ncup,MU,1
2008,BELGIUM,1.UWT,ME,2
2008,BELGIUM,2.1,ME,3
2008,BELGIUM,2.1,MJ,3
2008,BELGIUM,2.2,ME,1
2008,BELGIUM,2.HC,ME,2
2008,BELGIUM,2.UWT,ME,1
2008,BELIZE,2.2,ME,1
2008,BOLIVARIAN REPUBLIC OF VENEZUELA,1.2,ME,3
2008,BOLIVARIAN REPUBLIC OF VENEZUELA,1.2,WE,2
2008,BOLIVARIAN REPUBLIC OF VENEZUELA,2.2,ME,3
2008,BOLIVIA,2.2,ME,2
2008,BOSNIA AND HERZEGOVINA,1.2,ME,1
2008,BRAZIL,1.2,ME,2
2008,BRAZIL,1.2,WE,1
2008,BRAZIL,2.2,ME,2
2008,BULGARIA,1.2,ME,2
2008,BULGARIA,2.2,ME,1
2008,BURKINA FASO,2.2,ME,2
2008,CAMEROON,2.2,ME,2
2008,CANADA,2.1,MJ,1
2008,CANADA,2.1,WE,1
2008,CANADA,2.2,ME,1
2008,CANADA,2.2,WE,1
2008,CANADA,2.Ncup,MJ,1
2008,CANADA,2.Ncup,MU,1
2008,CHINESE TAIPEI,2.2,ME,1
2008,COLOMBIA,2.2,ME,1
2008,COSTA RICA,2.2,ME,1
2008,COTE D'IVOIRE,2.1,ME,1
2008,CROATIA,1.2,ME,1
2008,CROATIA,2.2,ME,1
2008,CROATIA,2.Ncup,MJ,1
2008,CUBA,2.2,ME,1
2008,CZECH REPUBLIC,1.2,ME,1
2008,CZECH REPUBLIC,2.2,WE,2
2008,CZECH REPUBLIC,2.Ncup,MJ,1
2008,DENMARK,1.2,ME,3
2008,DENMARK,2.HC,ME,1
2008,DOMINICAN REPUBLIC,2.2,ME,1
2008,ECUADOR,2.2,ME,1
2008,EGYPT,1.2,ME,1
2008,EGYPT,2.2,ME,1
2008,EL SALVADOR,1.1,WE,1
2008,EL SALVADOR,2.2,WE,2
2008,ESTONIA,1.1,ME,2
2008,FRANCE,1.1,ME,20
2008,FRANCE,1.1,MJ,3
2008,FRANCE,1.1,WE,2
2008,FRANCE,1.1,WJ,1
2008,FRANCE,1.2,ME,11
2008,FRANCE,1.2,WE,1
2008,FRANCE,1.2U,MU,2
2008,FRANCE,1.HC,ME,2
2008,FRANCE,1.Ncup,MJ,1
2008,FRANCE,1.Ncup,MU,1
2008,FRANCE,1.UWT,ME,1
2008,FRANCE,2.1,ME,10
2008,FRANCE,2.1,MJ,2
2008,FRANCE,2.1,WE,1
2008,FRANCE,2.2,ME,15
2008,FRANCE,2.2,WE,6
2008,FRANCE,2.2U,MU,2
2008,FRANCE,2.HC,ME,2
2008,FRANCE,2.Ncup,MU,1
2008,FRANCE,2.UWT,ME,1
2008,GABON,2.1,ME,1
2008,GERMANY,1.1,ME,5
2008,GERMANY,1.1,WE,1
2008,GERMANY,1.2,ME,1
2008,GERMANY,1.2U,MU,1
2008,GERMANY,1.HC,ME,1
2008,GERMANY,1.UWT,ME,1
2008,GERMANY,2.1,ME,2
2008,GERMANY,2.1,MJ,3
2008,GERMANY,2.1,WE,1
2008,GERMANY,2.2,WE,1
2008,GERMANY,2.2U,MU,3
2008,GERMANY,2.HC,ME,1
2008,GERMANY,2.Ncup,MJ,1
2008,GERMANY,2.UWT,ME,1
2008,GREAT BRITAIN,1.2,ME,3
2008,GREAT BRITAIN,2.1,ME,1
2008,GREECE,2.2,ME,1
2008,GUATEMALA,2.2,ME,1
2008,"HONG KONG, CHINA",2.2,ME,1
2008,HUNGARY,1.2,ME,2
2008,HUNGARY,2.2,ME,1
2008,INDONESIA,2.2,ME,1
2008,IRELAND,2.1,ME,1
2008,IRELAND,2.2,ME,1
2008,ISLAMIC REPUBLIC OF IRAN,2.1,MJ,1
2008,ISLAMIC REPUBLIC OF IRAN,2.2,ME,3
2008,ITALY,1.1,ME,22
2008,ITALY,1.1,MJ,11
2008,ITALY,1.1,WJ,1
2008,ITALY,1.2,ME,30
2008,ITALY,1.2,WE,6
2008,ITALY,1.2U,MU,6
2008,ITALY,1.HC,ME,6
2008,ITALY,2.1,ME,6
2008,ITALY,2.1,MJ,5
2008,ITALY,2.1,WE,3
2008,ITALY,2.2,ME,2
2008,ITALY,2.HC,ME,1
2008,ITALY,2.Ncup,MU,1
2008,JAPAN,1.1,ME,1
2008,JAPAN,1.2,ME,1
2008,JAPAN,2.2,ME,3
2008,KOREA,2.2,ME,1
2008,LATVIA,1.2,ME,1
2008,LIBYA,2.2,ME,1
2008,LUXEMBOURG,1.2,WE,1
2008,LUXEMBOURG,2.2,ME,1
2008,LUXEMBOURG,2.HC,ME,1
2008,LUXEMBOURG,2.Ncup,MJ,1
2008,MALAYSIA,2.2,ME,3
2008,MALAYSIA,2.HC,ME,1
2008,MEXICO,2.2,ME,2
2008,MONTENEGRO,2.2,ME,1
2008,MOROCCO,2.2,ME,1
2008,NETHERLANDS,1.1,ME,6
2008,NETHERLANDS,1.1,WE,2
2008,NETHERLANDS,1.2,ME,2
2008,NETHERLANDS,1.2,WE,5
2008,NETHERLANDS,1.HC,ME,1
2008,NETHERLANDS,1.Ncup,MU,1
2008,NETHERLANDS,1.UWT,ME,1
2008,NETHERLANDS,2.1,ME,2
2008,NETHERLANDS,2.1,MJ,1
2008,NETHERLANDS,2.1,WJ,1
2008,NETHERLANDS,2.2,ME,1
2008,NETHERLANDS,2.2,WE,2
2008,NEW ZEALAND,2.2,ME,2
2008,NEW ZEALAND,2.2,WE,1
2008,NORWAY,1.2,ME,1
2008,NORWAY,2.2,ME,1
2008,PEOPLE'S REPUBLIC OF CHINA,1.2,WE,1
2008,PEOPLE'S REPUBLIC OF CHINA,2.1,ME,1
2008,PEOPLE'S REPUBLIC OF CHINA,2.2,WE,1
2008,PEOPLE'S REPUBLIC OF CHINA,2.HC,ME,1
2008,POLAND,1.2,ME,7
2008,POLAND,1.2,WE,2
2008,POLAND,2.1,ME,2
2008,POLAND,2.1,MJ,2
2008,POLAND,2.2,ME,4
2008,POLAND,2.2,WE,2
2008,POLAND,2.UWT,ME,1
2008,PORTUGAL,2.1,ME,5
2008,PORTUGAL,2.2,ME,1
2008,PORTUGAL,2.HC,ME,1
2008,PORTUGAL,2.Ncup,MU,1
2008,QATAR,2.1,ME,1
2008,ROMANIA,2.2,ME,2
2008,RUSSIAN FEDERATION,1.2,ME,3
2008,RUSSIAN FEDERATION,2.2,ME,4
2008,SERBIA,1.1,MJ,2
2008,SERBIA,1.2,ME,4
2008,SERBIA,2.2,ME,1
2008,SLOVAKIA,1.2,ME,4
2008,SLOVAKIA,2.2,ME,1
2008,SLOVENIA,1.1,ME,1
2008,SLOVENIA,1.2,ME,2
2008,SLOVENIA,2.1,ME,1
2008,SLOVENIA,2.1,MJ,1
2008,SOUTH AFRICA,1.1,ME,5
2008,SOUTH AFRICA,1.2,ME,1
2008,SOUTH AFRICA,2.2,ME,1
2008,SPAIN,1.1,ME,13
2008,SPAIN,1.1,WJ,1
2008,SPAIN,1.2,WE,1
2008,SPAIN,1.HC,ME,1
2008,SPAIN,1.UWT,ME,1
2008,SPAIN,2.1,ME,8
2008,SPAIN,2.1,MJ,1
2008,SPAIN,2.1,WE,1
2008,SPAIN,2.2,ME,8
2008,SPAIN,2.HC,ME,2
2008,SPAIN,2.UWT,ME,2
2008,SWEDEN,1.2,ME,2
2008,SWITZERLAND,1.1,ME,1
2008,SWITZERLAND,1.1,WE,2
2008,SWITZERLAND,1.2,ME,2
2008,SWITZERLAND,1.2,WE,1
2008,SWITZERLAND,1.2U,MU,1
2008,SWITZERLAND,1.HC,ME,1
2008,SWITZERLAND,2.1,MJ,2
2008,SWITZERLAND,2.2,ME,1
2008,SWITZERLAND,2.UWT,ME,2
2008,THAILAND,2.2,ME,2
2008,TUNISIA,1.2,ME,2
2008,TUNISIA,2.2,ME,2
2008,TURKEY,2.1,ME,1
2008,UNITED ARAB EMIRATES,1.2,ME,1
2008,UNITED ARAB EMIRATES,2.2,ME,1
2008,UNITED STATES OF AMERICA,1.1,ME,2
2008,UNITED STATES OF AMERICA,1.1,WE,1
2008,UNITED STATES OF AMERICA,1.2,ME,3
2008,UNITED STATES OF AMERICA,1.2,WE,1
2008,UNITED STATES OF AMERICA,1.HC,ME,1
2008,UNITED STATES OF AMERICA,2.1,ME,1
2008,UNITED STATES OF AMERICA,2.2,ME,2
2008,UNITED STATES OF AMERICA,2.2,WE,1
2008,UNITED STATES OF AMERICA,2.HC,ME,2
2009,ARGENTINA,2.1,ME,1
2009,ARGENTINA,2.2,ME,1
2009,AUSTRALIA,2.1,ME,1
2009,AUSTRALIA,2.UWT,ME,1
2009,AUSTRIA,1.2,ME,1
2009,AUSTRIA,2.1,MJ,1
2009,AUSTRIA,2.HC,ME,1
2009,BELGIUM,1.1,ME,15
2009,BELGIUM,1.1,MJ,9
2009,BELGIUM,1.2,ME,7
2009,BELGIUM,1.2,WE,3
2009,BELGIUM,1.2U,MU,1
2009,BELGIUM,1.HC,ME,4
2009,BELGIUM,1.Ncup,MU,1
2009,BELGIUM,1.UWT,ME,4
2009,BELGIUM,2.1,ME,2
2009,BELGIUM,2.1,MJ,3
2009,BELGIUM,2.2,ME,1
2009,BELGIUM,2.HC,ME,3
2009,BELGIUM,2.UWT,ME,1
2009,BOLIVARIAN REPUBLIC OF VENEZUELA,2.2,ME,3
2009,BOLIVIA,2.2,ME,2
2009,BOSNIA AND HERZEGOVINA,1.2,ME,1
2009,BRAZIL,1.2,ME,1
2009,BRAZIL,2.2,ME,5
2009,BULGARIA,2.2,ME,1
2009,BURKINA FASO,2.2,ME,1
2009,CAMEROON,2.2,ME,2
2009,CANADA,2.1,WE,1
2009,CANADA,2.2,ME,1
2009,CANADA,2.2,WE,1
2009,CANADA,2.Ncup,MJ,1
2009,CANADA,2.Ncup,MU,1
2009,CHINESE TAIPEI,2.2,ME,1
2009,COLOMBIA,2.2,ME,1
2009,COSTA RICA,2.2,ME,1
2009,COSTA RICA,2.2,WE,1
2009,CROATIA,1.2,ME,1
2009,CROATIA,2.2,ME,1
2009,CROATIA,2.Ncup,MJ,1
2009,CUBA,2.2,ME,1
2009,CZECH REPUBLIC,1.2,ME,1
2009,CZECH REPUBLIC,2.2,WE,2
2009,CZECH REPUBLIC,2.Ncup,MJ,1
2009,DENMARK,1.2,ME,2
2009,DENMARK,2.HC,ME,1
2009,DOMINICAN REPUBLIC,2.2,ME,1
2009,ECUADOR,2.2,ME,1
2009,EGYPT,1.2,ME,1
2009,EGYPT,2.2,ME,1
2009,ESTONIA,1.1,ME,2
2009,FRANCE,1.1,ME,18
2009,FRANCE,1.1,MJ,3
2009,FRANCE,1.1,WE,2
2009,FRANCE,1.1,WJ,1
2009,FRANCE,1.2,ME,13
2009,FRANCE,1.2U,MU,2
2009,FRANCE,1.HC,ME,2
2009,FRANCE,1.Ncup,MJ,1
2009,FRANCE,1.Ncup,MU,1
2009,FRANCE,1.UWT,ME,2
2009,FRANCE,2.1,ME,11
2009,FRANCE,2.1,MJ,3
2009,FRANCE,2.1,WE,2
2009,FRANCE,2.2,ME,17
2009,FRANCE,2.2,WE,5
2009,FRANCE,2.2U,MU,3
2009,FRANCE,2.HC,ME,2
2009,FRANCE,2.Ncup,MU,1
2009,FRANCE,2.UWT,ME,3
2009,GABON,2.1,ME,1
2009,GERMANY,1.1,ME,6
2009,GERMANY,1.1,WE,1
2009,GERMANY,1.2,ME,1
2009,GERMANY,1.2U,MU,1
2009,GERMANY,1.HC,ME,1
2009,GERMANY,1.UWT,ME,1
2009,GERMANY,2.1,ME,1
2009,GERMANY,2.1,MJ,4
2009,GERMANY,2.1,WE,1
2009,GERMANY,2.2,WE,1
2009,GERMANY,2.2U,MU,3
2009,GERMANY,2.HC,ME,1
2009,GERMANY,2.Ncup,MJ,1
2009,GREAT BRITAIN,1.2,ME,1
2009,GREAT BRITAIN,2.1,ME,1
2009,GUATEMALA,2.2,ME,1
2009,"HONG KONG, CHINA",2.2,ME,2
2009,HUNGARY,1.2,ME,2
2009,HUNGARY,2.2,ME,1
2009,INDONESIA,2.2,ME,3
2009,IRELAND,2.1,ME,1
2009,IRELAND,2.2,ME,1
2009,ISLAMIC REPUBLIC OF IRAN,2.1,MJ,1
2009,ISLAMIC REPUBLIC OF IRAN,2.2,ME,4
2009,ITALY,1.1,ME,21
2009,ITALY,1.1,MJ,11
2009,ITALY,1.1,WJ,1
2009,ITALY,1.2,ME,25
2009,ITALY,1.2,WE,6
2009,ITALY,1.2U,MU,5
2009,ITALY,1.HC,ME,4
2009,ITALY,1.UWT,ME,2
2009,ITALY,2.1,ME,6
2009,ITALY,2.1,MJ,5
2009,ITALY,2.1,WE,3
2009,ITALY,2.2,ME,3
2009,ITALY,2.UWT,ME,2
2009,JAPAN,1.HC,ME,1
2009,JAPAN,2.2,ME,4
2009,KOREA,2.2,ME,1
2009,LUXEMBOURG,1.1,WE,1
2009,LUXEMBOURG,2.2,ME,1
2009,LUXEMBOURG,2.HC,ME,1
2009,LUXEMBOURG,2.Ncup,MJ,1
2009,MALAYSIA,2.2,ME,2
2009,MALAYSIA,2.HC,ME,1
2009,MEXICO,2.2,ME,3
2009,MONTENEGRO,2.2,ME,1
2009,MOROCCO,2.2,ME,1
2009,NETHERLANDS,1.1,ME,5
2009,NETHERLANDS,1.1,WE,2
2009,NETHERLANDS,1.2,ME,4
2009,NETHERLANDS,1.2,WE,6
2009,NETHERLANDS,1.HC,ME,1
2009,NETHERLANDS,1.Ncup,MU,1
2009,NETHERLANDS,1.UWT,ME,1
2009,NETHERLANDS,2.1,ME,2
2009,NETHERLANDS,2.1,MJ,1
2009,NETHERLANDS,2.2,ME,1
2009,NETHERLANDS,2.2,WE,2
2009,NEW ZEALAND,1.1,WE,1
2009,NEW ZEALAND,2.2,ME,2
2009,NEW ZEALAND,2.2,WE,1
2009,NORWAY,1.2,ME,1
2009,NORWAY,2.2,ME,1
2009,PEOPLE'S REPUBLIC OF CHINA,1.1,WE,1
2009,PEOPLE'S REPUBLIC OF CHINA,2.1,ME,1
2009,PEOPLE'S REPUBLIC OF CHINA,2.1,WE,1
2009,PEOPLE'S REPUBLIC OF CHINA,2.HC,ME,1
2009,POLAND,1.2,ME,4
2009,POLAND,2.1,ME,2
2009,POLAND,2.1,MJ,2
2009,POLAND,2.2,ME,3
2009,POLAND,2.UWT,ME,1
2009,PORTUGAL,2.1,ME,3
2009,PORTUGAL,2.2,ME,2
2009,PORTUGAL,2.HC,ME,1
2009,PORTUGAL,2.Ncup,MU,1
2009,QATAR,1.2,ME,4
2009,QATAR,2.1,ME,1
2009,QATAR,2.1,WE,1
2009,QATAR,2.2,ME,1
2009,ROMANIA,2.2,ME,2
2009,RUSSIAN FEDERATION,1.2,ME,3
2009,RUSSIAN FEDERATION,2.2,ME,1
2009,SENEGAL,2.2,ME,1
2009,SERBIA,1.1,MJ,2
2009,SERBIA,1.2,ME,2
2009,SERBIA,2.2,ME,1
2009,SLOVAKIA,1.2,ME,2
2009,SLOVAKIA,2.2,ME,2
2009,SLOVENIA,1.1,ME,1
2009,SLOVENIA,1.2,ME,1
2009,SLOVENIA,2.1,ME,1
2009,SOUTH AFRICA,1.2,ME,5
2009,SPAIN,1.1,ME,13
2009,SPAIN,1.2,WE,1
2009,SPAIN,1.HC,ME,1
2009,SPAIN,1.UWT,ME,1
2009,SPAIN,2.1,ME,5
2009,SPAIN,2.1,MJ,1
2009,SPAIN,2.1,WE,1
2009,SPAIN,2.2,ME,5
2009,SPAIN,2.HC,ME,1
2009,SPAIN,2.UWT,ME,3
2009,SWEDEN,1.2,ME,2
2009,SWITZERLAND,1.1,ME,2
2009,SWITZERLAND,1.1,WE,1
2009,SWITZERLAND,1.2,ME,2
2009,SWITZERLAND,1.2,WE,1
2009,SWITZERLAND,1.HC,ME,1
2009,SWITZERLAND,2.1,MJ,2
2009,SWITZERLAND,2.2,ME,1
2009,SWITZERLAND,2.UWT,ME,2
2009,THAILAND,2.2,ME,1
2009,TURKEY,2.1,ME,1
2009,UKRAINE,1.2,ME,1
2009,UNITED ARAB EMIRATES,1.2,ME,2
2009,UNITED STATES OF AMERICA,1.1,WE,1
2009,UNITED STATES OF AMERICA,1.2,ME,1
2009,UNITED STATES OF AMERICA,1.HC,ME,1
2009,UNITED STATES OF AMERICA,2.1,MJ,1
2009,UNITED STATES OF AMERICA,2.2,ME,1
2009,UNITED STATES OF AMERICA,2.HC,ME,2
2009,URUGUAY,2.2,ME,2
2010,ARGENTINA,2.1,ME,1
2010,AUSTRALIA,2.1,ME,1
2010,AUSTRALIA,2.UWT,ME,1
2010,AUSTRIA,1.2,ME,1
2010,AUSTRIA,2.1,MJ,1
2010,AUSTRIA,2.2,ME,1
2010,AUSTRIA,2.HC,ME,1
2010,BELGIUM,1.1,ME,17
2010,BELGIUM,1.1,MJ,8
2010,BELGIUM,1.1,WE,1
2010,BELGIUM,1.2,ME,13
2010,BELGIUM,1.2,WE,3
2010,BELGIUM,1.2U,MU,1
2010,BELGIUM,1.HC,ME,4
2010,BELGIUM,1.Ncup,MU,1
2010,BELGIUM,1.UWT,ME,4
2010,BELGIUM,2.1,ME,2
2010,BELGIUM,2.1,MJ,3
2010,BELGIUM,2.2,ME,1
2010,BELGIUM,2.HC,ME,3
2010,BELGIUM,2.UWT,ME,1
2010,BOLIVARIAN REPUBLIC OF VENEZUELA,2.2,ME,2
2010,BOLIVIA,2.2,ME,2
2010,BOSNIA AND HERZEGOVINA,1.2,ME,1
2010,BRAZIL,2.2,ME,5
2010,BULGARIA,2.2,ME,1
2010,BURKINA FASO,2.2,ME,1
2010,CAMEROON,2.2,ME,2
2010,CANADA,1.1,WE,1
2010,CANADA,1.2,ME,1
2010,CANADA,1.2,WE,1
2010,CANADA,1.UWT,ME,2
2010,CANADA,2.2,ME,1
2010,CANADA,2.Ncup,MJ,1
2010,CANADA,2.Ncup,MU,1
2010,CHINESE TAIPEI,2.2,ME,1
2010,COLOMBIA,2.2,ME,1
2010,COSTA RICA,2.2,ME,1
2010,CROATIA,1.2,ME,1
2010,CROATIA,2.2,ME,1
2010,CUBA,2.2,ME,1
2010,CZECH REPUBLIC,1.2,ME,1
2010,CZECH REPUBLIC,2.2,WE,2
2010,CZECH REPUBLIC,2.Ncup,MJ,1
2010,DENMARK,1.1,ME,1
2010,DENMARK,1.1,MJ,1
2010,DENMARK,2.HC,ME,1
2010,DOMINICAN REPUBLIC,2.2,ME,1
2010,ECUADOR,2.2,ME,1
2010,ERITREA,2.2,ME,2
2010,ESTONIA,1.1,ME,2
2010,FRANCE,1.1,ME,18
2010,FRANCE,1.1,MJ,3
2010,FRANCE,1.1,WE,2
2010,FRANCE,1.1,WJ,1
2010,FRANCE,1.2,ME,12
2010,FRANCE,1.2U,MU,2
2010,FRANCE,1.HC,ME,3
2010,FRANCE,1.Ncup,MJ,1
2010,FRANCE,1.Ncup,MU,1
2010,FRANCE,1.UWT,ME,2
2010,FRANCE,2.1,ME,11
2010,FRANCE,2.1,MJ,2
2010,FRANCE,2.1,WE,2
2010,FRANCE,2.2,ME,16
2010,FRANCE,2.2,WE,3
2010,FRANCE,2.2U,MU,1
2010,FRANCE,2.HC,ME,2
2010,FRANCE,2.Ncup,MU,1
2010,FRANCE,2.UWT,ME,3
2010,GABON,2.1,ME,1
2010,GERMANY,1.1,ME,4
2010,GERMANY,1.1,WE,1
2010,GERMANY,1.2,ME,1
2010,GERMANY,1.2U,MU,1
2010,GERMANY,1.HC,ME,1
2010,GERMANY,1.UWT,ME,1
2010,GERMANY,2.1,MJ,4
2010,GERMANY,2.1,WE,1
2010,GERMANY,2.2U,MU,3
2010,GERMANY,2.HC,ME,1
2010,GERMANY,2.Ncup,MJ,1
2010,GREAT BRITAIN,1.2,ME,1
2010,GREAT BRITAIN,2.1,ME,1
2010,GUATEMALA,2.2,ME,1
2010,HUNGARY,1.2,ME,2
2010,INDIA,1.2,ME,2
2010,INDONESIA,1.2,ME,1
2010,INDONESIA,2.2,ME,3
2010,IRELAND,2.2,ME,1
2010,ISLAMIC REPUBLIC OF IRAN,2.1,MJ,1
2010,ISLAMIC REPUBLIC OF IRAN,2.2,ME,6
2010,ITALY,1.1,ME,23
2010,ITALY,1.1,MJ,10
2010,ITALY,1.1,WJ,1
2010,ITALY,1.2,ME,20
2010,ITALY,1.2,WE,4
2010,ITALY,1.2U,MU,5
2010,ITALY,1.HC,ME,3
2010,ITALY,1.UWT,ME,2
2010,ITALY,2.1,ME,6
2010,ITALY,2.1,MJ,4
2010,ITALY,2.1,WE,3
2010,ITALY,2.2,ME,3
2010,ITALY,2.Ncup,MU,1
2010,ITALY,2.UWT,ME,2
2010,JAPAN,1.2,ME,1
2010,JAPAN,1.HC,ME,1
2010,JAPAN,2.2,ME,4
2010,KOREA,1.2,ME,1
2010,KOREA,2.2,ME,1
2010,LIBYA,1.2,ME,1
2010,LIBYA,2.2,ME,1
2010,LUXEMBOURG,1.1,WE,1
2010,LUXEMBOURG,1.2,WE,1
2010,LUXEMBOURG,2.2,ME,1
2010,LUXEMBOURG,2.HC,ME,1
2010,LUXEMBOURG,2.Ncup,MJ,1
2010,MALAYSIA,2.2,ME,2
2010,MALAYSIA,2.HC,ME,1
2010,MALI,2.2,ME,1
2010,MEXICO,2.1,ME,1
2010,MEXICO,2.2,ME,2
2010,MONTENEGRO,2.2,ME,1
2010,MOROCCO,1.2,ME,3
2010,MOROCCO,2.2,ME,1
2010,NETHERLANDS,1.1,ME,5
2010,NETHERLANDS,1.1,WE,2
2010,NETHERLANDS,1.2,ME,6
2010,NETHERLANDS,1.2,WE,5
2010,NETHERLANDS,1.HC,ME,1
2010,NETHERLANDS,1.Ncup,MU,1
2010,NETHERLANDS,1.UWT,ME,1
2010,NETHERLANDS,2.1,ME,2
2010,NETHERLANDS,2.1,MJ,1
2010,NETHERLANDS,2.2,ME,1
2010,NETHERLANDS,2.2,WE,2
2010,NEW ZEALAND,2.2,ME,2
2010,NEW ZEALAND,2.2,WE,1
2010,NORWAY,1.2,ME,1
2010,NORWAY,2.2,ME,2
2010,OMAN,2.1,ME,1
2010,PEOPLE'S REPUBLIC OF CHINA,2.1,WE,1
2010,PEOPLE'S REPUBLIC OF CHINA,2.2,ME,1
2010,PEOPLE'S REPUBLIC OF CHINA,2.HC,ME,2
2010,PHILIPPINES,2.2,ME,1
2010,POLAND,1.2,ME,5
2010,POLAND,2.1,ME,2
2010,POLAND,2.1,MJ,2
2010,POLAND,2.2,ME,3
2010,POLAND,2.2U,MU,1
2010,POLAND,2.UWT,ME,1
2010,PORTUGAL,2.1,ME,2
2010,PORTUGAL,2.2,ME,2
2010,PORTUGAL,2.Ncup,MU,1
2010,PUERTO RICO,1.2,ME,1
2010,QATAR,2.1,ME,1
2010,QATAR,2.1,WE,1
2010,ROMANIA,2.2,ME,2
2010,RUSSIAN FEDERATION,1.2,ME,3
2010,RUSSIAN FEDERATION,2.2,ME,2
2010,RWANDA,2.2,ME,1
2010,SERBIA,1.1,MJ,2
2010,SERBIA,2.2,ME,1
2010,SLOVAKIA,1.2,ME,1
2010,SLOVAKIA,2.2,ME,1
2010,SLOVENIA,1.1,ME,1
2010,SLOVENIA,1.2,ME,1
2010,SLOVENIA,2.1,ME,1
2010,SPAIN,1.1,ME,12
2010,SPAIN,1.2,WE,1
2010,SPAIN,1.HC,ME,1
2010,SPAIN,1.UWT,ME,1
2010,SPAIN,2.1,ME,5
2010,SPAIN,2.1,MJ,1
2010,SPAIN,2.1,WE,1
2010,SPAIN,2.2,ME,4
2010,SPAIN,2.HC,ME,1
2010,SPAIN,2.UWT,ME,3
2010,SWEDEN,1.2,ME,1
2010,SWITZERLAND,1.1,ME,2
2010,SWITZERLAND,1.1,WE,1
2010,SWITZERLAND,1.HC,ME,1
2010,SWITZERLAND,2.1,MJ,2
2010,SWITZERLAND,2.UWT,ME,2
2010,THAILAND,2.2,ME,1
2010,TURKEY,2.1,MJ,2
2010,TURKEY,2.2,ME,2
2010,TURKEY,2.HC,ME,1
2010,UKRAINE,1.2,ME,1
2010,UNITED ARAB EMIRATES,1.2,ME,2
2010,UNITED STATES OF AMERICA,1.1,WE,1
2010,UNITED STATES OF AMERICA,1.2,ME,1
2010,UNITED STATES OF AMERICA,1.HC,ME,1
2010,UNITED STATES OF AMERICA,2.2,ME,1
2010,UNITED STATES OF AMERICA,2.HC,ME,1
2010,URUGUAY,2.2,ME,2
2011,ALGERIA,1.2,ME,1
2011,ALGERIA,2.2,ME,1
2011,ARGENTINA,2.1,ME,1
2011,AUSTRALIA,2.UWT,ME,1
2011,AUSTRIA,1.2,ME,1
2011,AUSTRIA,2.1,MJ,1
2011,AUSTRIA,2.2,ME,1
2011,AUSTRIA,2.HC,ME,1
2011,BELGIUM,1.1,ME,17
2011,BELGIUM,1.1,MJ,7
2011,BELGIUM,1.1,WE,1
2011,BELGIUM,1.2,ME,16
2011,BELGIUM,1.2,WE,9
2011,BELGIUM,1.2U,MU,1
2011,BELGIUM,1.HC,ME,5
2011,BELGIUM,1.Ncup,MU,1
2011,BELGIUM,1.UWT,ME,4
2011,BELGIUM,2.1,ME,2
2011,BELGIUM,2.1,MJ,3
2011,BELGIUM,2.2,ME,1
2011,BELGIUM,2.HC,ME,3
2011,BELGIUM,2.UWT,ME,1
2011,BOLIVARIAN REPUBLIC OF VENEZUELA,1.2,ME,2
2011,BOLIVARIAN REPUBLIC OF VENEZUELA,1.2,WE,2
2011,BOLIVARIAN REPUBLIC OF VENEZUELA,2.2,ME,2
2011,BOLIVIA,2.2,ME,1
2011,BOSNIA AND HERZEGOVINA,1.2,ME,1
2011,BRAZIL,2.2,ME,4
2011,BRUNEI DARUSSALAM,2.2,ME,1
2011,BULGARIA,2.2,ME,1
2011,BURKINA FASO,2.2,ME,1
2011,CAMEROON,2.2,ME,2
2011,CANADA,1.1,WE,2
2011,CANADA,1.UWT,ME,2
2011,CANADA,2.2,ME,1
2011,CANADA,2.Ncup,MJ,1
2011,CANADA,2.Ncup,MU,1
2011,CHILE,2.2,ME,1
2011,CHINESE TAIPEI,2.2,ME,1
2011,COLOMBIA,2.2,ME,1
2011,COSTA RICA,2.2,ME,1
2011,CROATIA,1.2,ME,1
2011,CROATIA,2.2,ME,1
2011,CROATIA,2.Ncup,MJ,1
2011,CZECH REPUBLIC,2.2,ME,1
2011,CZECH REPUBLIC,2.2,WE,2
2011,CZECH REPUBLIC,2.Ncup,MJ,1
2011,DENMARK,1.1,ME,1
2011,DENMARK,1.2,ME,1
2011,DENMARK,2.HC,ME,1
2011,DENMARK,2.Ncup,MJ,1
2011,DOMINICAN REPUBLIC,2.2,ME,1
2011,ECUADOR,2.2,ME,1
2011,ERITREA,2.2,ME,1
2011,ESTONIA,1.1,ME,2
2011,FRANCE,1.1,ME,19
2011,FRANCE,1.1,MJ,3
2011,FRANCE,1.1,WE,2
2011,FRANCE,1.1,WJ,1
2011,FRANCE,1.2,ME,11
2011,FRANCE,1.2,WE,1
2011,FRANCE,1.2U,MU,2
2011,FRANCE,1.HC,ME,3
2011,FRANCE,1.Ncup,MJ,1
2011,FRANCE,1.Ncup,MU,1
2011,FRANCE,1.UWT,ME,2
2011,FRANCE,2.1,ME,10
2011,FRANCE,2.1,MJ,2
2011,FRANCE,2.2,ME,15
2011,FRANCE,2.2,WE,4
2011,FRANCE,2.2U,MU,1
2011,FRANCE,2.HC,ME,3
2011,FRANCE,2.Ncup,MU,1
2011,FRANCE,2.UWT,ME,3
2011,GABON,2.1,ME,1
2011,GERMANY,1.1,ME,5
2011,GERMANY,1.1,WE,1
2011,GERMANY,1.2U,MU,1
2011,GERMANY,1.HC,ME,1
2011,GERMANY,1.UWT,ME,1
2011,GERMANY,2.1,MJ,3
2011,GERMANY,2.1,WE,1
2011,GERMANY,2.2U,MU,2
2011,GERMANY,2.HC,ME,1
2011,GERMANY,2.Ncup,MJ,1
2011,GREAT BRITAIN,1.2,ME,2
2011,GREAT BRITAIN,2.1,ME,1
2011,GREECE,2.2,ME,1
2011,GUATEMALA,2.2,ME,1
2011,"HONG KONG, CHINA",1.2,ME,1
2011,HUNGARY,1.2,ME,3
2011,INDIA,1.1,ME,2
2011,INDONESIA,2.2,ME,3
2011,IRELAND,2.2,ME,1
2011,ISLAMIC REPUBLIC OF IRAN,2.1,MJ,1
2011,ISLAMIC REPUBLIC OF IRAN,2.2,ME,4
2011,ITALY,1.1,ME,21
2011,ITALY,1.1,MJ,8
2011,ITALY,1.2,ME,16
2011,ITALY,1.2,WE,5
2011,ITALY,1.2,WJ,1
2011,ITALY,1.2U,MU,6
2011,ITALY,1.HC,ME,3
2011,ITALY,1.UWT,ME,2
2011,ITALY,2.1,ME,6
2011,ITALY,2.1,MJ,3
2011,ITALY,2.1,WE,3
2011,ITALY,2.2,ME,3
2011,ITALY,2.HC,ME,1
2011,ITALY,2.Ncup,MU,1
2011,ITALY,2.UWT,ME,2
2011,JAPAN,1.2,ME,1
2011,JAPAN,1.HC,ME,1
2011,JAPAN,2.2,ME,3
2011,KOREA,2.2,ME,2
2011,LATVIA,1.2,ME,1
2011,LUXEMBOURG,1.1,WE,2
2011,LUXEMBOURG,2.2,ME,1
2011,LUXEMBOURG,2.HC,ME,1
2011,LUXEMBOURG,2.Ncup,MJ,1
2011,MALAYSIA,1.2,ME,1
2011,MALAYSIA,2.2,ME,1
2011,MALAYSIA,2.HC,ME,1
2011,MOROCCO,1.2,ME,9
2011,MOROCCO,2.2,ME,1
2011,NETHERLANDS,1.1,ME,3
2011,NETHERLANDS,1.1,WE,1
2011,NETHERLANDS,1.2,ME,8
2011,NETHERLANDS,1.2,WE,4
2011,NETHERLANDS,1.Ncup,MU,1
2011,NETHERLANDS,1.UWT,ME,1
2011,NETHERLANDS,2.1,ME,3
2011,NETHERLANDS,2.1,MJ,1
2011,NETHERLANDS,2.1,WE,1
2011,NETHERLANDS,2.2,ME,1
2011,NETHERLANDS,2.2,WE,2
2011,NEW ZEALAND,2.2,ME,1
2011,NEW ZEALAND,2.2,WE,1
2011,NORWAY,1.2,ME,1
2011,NORWAY,2.2,ME,1
2011,OMAN,2.1,ME,1
2011,PARAGUAY,2.2,ME,1
2011,PEOPLE'S REPUBLIC OF CHINA,1.2,ME,1
2011,PEOPLE'S REPUBLIC OF CHINA,2.1,ME,1
2011,PEOPLE'S REPUBLIC OF CHINA,2.1,WE,1
2011,PEOPLE'S REPUBLIC OF CHINA,2.HC,ME,2
2011,PEOPLE'S REPUBLIC OF CHINA,2.UWT,ME,1
2011,PHILIPPINES,2.2,ME,1
2011,POLAND,1.2,ME,4
2011,POLAND,2.1,ME,2
2011,POLAND,2.1,MJ,2
2011,POLAND,2.2,ME,2
2011,POLAND,2.2,WE,1
2011,POLAND,2.2U,MU,1
2011,POLAND,2.UWT,ME,1
2011,PORTUGAL,2.1,ME,2
2011,PORTUGAL,2.2,ME,3
2011,QATAR,2.1,ME,1
2011,QATAR,2.1,WE,1
2011,ROMANIA,2.2,ME,3
2011,RUSSIAN FEDERATION,1.2,ME,3
2011,RUSSIAN FEDERATION,2.2,ME,3
2011,RWANDA,2.2,ME,2
2011,SERBIA,1.2,ME,3
2011,SERBIA,2.2,ME,1
2011,SLOVAKIA,2.2,ME,1
2011,SLOVENIA,1.1,ME,1
2011,SLOVENIA,1.2,ME,1
2011,SLOVENIA,2.1,ME,1
2011,SOUTH AFRICA,2.2,ME,1
2011,SPAIN,1.1,ME,11
2011,SPAIN,1.2,WE,1
2011,SPAIN,1.HC,ME,1
2011,SPAIN,1.UWT,ME,1
2011,SPAIN,2.1,ME,5
2011,SPAIN,2.1,MJ,1
2011,SPAIN,2.1,WE,1
2011,SPAIN,2.2,ME,3
2011,SPAIN,2.2U,MU,1
2011,SPAIN,2.HC,ME,1
2011,SPAIN,2.UWT,ME,3
2011,SWEDEN,1.2,ME,1
2011,SWITZERLAND,1.1,ME,3
2011,SWITZERLAND,2.1,MJ,2
2011,SWITZERLAND,2.UWT,ME,2
2011,SYRIAN ARAB REPUBLIC,1.2,ME,2
2011,SYRIAN ARAB REPUBLIC,1.2,WE,2
2011,THAILAND,2.2,ME,1
2011,TURKEY,2.2,ME,9
2011,TURKEY,2.HC,ME,1
2011,UKRAINE,1.2,ME,1
2011,UNITED STATES OF AMERICA,1.1,WE,1
2011,UNITED STATES OF AMERICA,1.2,ME,1
2011,UNITED STATES OF AMERICA,1.HC,ME,1
2011,UNITED STATES OF AMERICA,2.1,ME,2
2011,UNITED STATES OF AMERICA,2.2,ME,1
2011,UNITED STATES OF AMERICA,2.HC,ME,1
2011,URUGUAY,2.2,ME,2
2012,ALGERIA,1.2,ME,1
2012,ALGERIA,2.2,ME,1
2012,ARGENTINA,2.1,ME,1
2012,AUSTRALIA,2.1,ME,1
2012,AUSTRALIA,2.UWT,ME,1
2012,AUSTRIA,1.2,ME,1
2012,AUSTRIA,2.1,MJ,1
2012,AUSTRIA,2.2,ME,1
2012,AUSTRIA,2.HC,ME,1
2012,AZERBAIJAN,1.2,WE,1
2012,AZERBAIJAN,2.2U,MU,1
2012,BELGIUM,1.1,ME,18
2012,BELGIUM,1.1,MJ,7
2012,BELGIUM,1.1,WE,1
2012,BELGIUM,1.2,ME,18
2012,BELGIUM,1.2,WE,9
2012,BELGIUM,1.2U,MU,1
2012,BELGIUM,1.HC,ME,4
2012,BELGIUM,1.Ncup,MU,1
2012,BELGIUM,1.UWT,ME,5
2012,BELGIUM,2.1,ME,2
2012,BELGIUM,2.1,MJ,3
2012,BELGIUM,2.2,ME,1
2012,BELGIUM,2.2,WE,1
2012,BELGIUM,2.HC,ME,3
2012,BELGIUM,2.UWT,ME,1
2012,BOLIVARIAN REPUBLIC OF VENEZUELA,1.2,WE,4
2012,BOLIVARIAN REPUBLIC OF VENEZUELA,2.2,ME,2
2012,BOLIVIA,2.2,ME,1
2012,BOSNIA AND HERZEGOVINA,1.2,ME,1
2012,BRAZIL,1.2,ME,1
2012,BRAZIL,2.2,ME,2
2012,BRUNEI DARUSSALAM,2.2,ME,1
2012,BULGARIA,1.2,ME,2
2012,BULGARIA,2.2,ME,1
2012,BURKINA FASO,2.2,ME,1
2012,CAMEROON,2.2,ME,2
2012,CANADA,1.1,WE,2
2012,CANADA,1.1,WJ,1
2012,CANADA,1.UWT,ME,2
2012,CANADA,2.1,MJ,1
2012,CANADA,2.2,ME,1
2012,CANADA,2.Ncup,MU,1
2012,CHILE,2.2,ME,1
2012,CHINESE TAIPEI,2.1,ME,1
2012,COLOMBIA,2.2,ME,1
2012,COSTA RICA,2.2,ME,1
2012,CROATIA,1.2,ME,1
2012,CROATIA,2.2,ME,1
2012,CROATIA,2.Ncup,MJ,1
2012,CZECH REPUBLIC,1.2,ME,2
2012,CZECH REPUBLIC,2.2,ME,2
2012,CZECH REPUBLIC,2.2,WE,2
2012,CZECH REPUBLIC,2.Ncup,MJ,1
2012,DENMARK,1.2,ME,1
2012,DENMARK,2.HC,ME,1
2012,DOMINICAN REPUBLIC,2.2,ME,1
2012,EL SALVADOR,1.1,WE,2
2012,EL SALVADOR,2.1,WE,1
2012,ERITREA,2.2,ME,1
2012,ESTONIA,1.1,ME,2
2012,FRANCE,1.1,ME,20
2012,FRANCE,1.1,MJ,2
2012,FRANCE,1.1,WE,2
2012,FRANCE,1.1,WJ,1
2012,FRANCE,1.2,ME,10
2012,FRANCE,1.2,WE,1
2012,FRANCE,1.2U,MU,2
2012,FRANCE,1.HC,ME,3
2012,FRANCE,1.Ncup,MJ,1
2012,FRANCE,1.Ncup,MU,1
2012,FRANCE,1.UWT,ME,2
2012,FRANCE,2.1,ME,10
2012,FRANCE,2.1,MJ,3
2012,FRANCE,2.1,WE,1
2012,FRANCE,2.2,ME,14
2012,FRANCE,2.2,WE,4
2012,FRANCE,2.2U,MU,1
2012,FRANCE,2.HC,ME,3
2012,FRANCE,2.Ncup,MU,1
2012,FRANCE,2.UWT,ME,3
2012,GABON,2.1,ME,1
2012,GERMANY,1.1,ME,4
2012,GERMANY,1.2U,MU,1
2012,GERMANY,1.HC,ME,1
2012,GERMANY,1.UWT,ME,1
2012,GERMANY,2.1,MJ,3
2012,GERMANY,2.1,WE,1
2012,GERMANY,2.2U,MU,2
2012,GERMANY,2.HC,ME,1
2012,GERMANY,2.Ncup,MJ,1
2012,GREAT BRITAIN,1.2,ME,1
2012,GREAT BRITAIN,2.1,ME,1
2012,GREECE,2.2,ME,1
2012,GUATEMALA,2.2,ME,1
2012,HUNGARY,1.2,ME,2
2012,INDONESIA,1.2,ME,1
2012,INDONESIA,2.2,ME,3
2012,IRELAND,1.2,WE,1
2012,IRELAND,2.2,ME,1
2012,ISLAMIC REPUBLIC OF IRAN,2.1,MJ,1
2012,ISLAMIC REPUBLIC OF IRAN,2.2,ME,1
2012,ITALY,1.1,ME,18
2012,ITALY,1.1,MJ,9
2012,ITALY,1.2,ME,16
2012,ITALY,1.2,WE,4
2012,ITALY,1.2,WJ,1
2012,ITALY,1.2U,MU,6
2012,ITALY,1.HC,ME,4
2012,ITALY,1.UWT,ME,2
2012,ITALY,2.1,ME,3
2012,ITALY,2.1,MJ,2
2012,ITALY,2.1,WE,3
2012,ITALY,2.2,ME,2
2012,ITALY,2.2U,MU,1
2012,ITALY,2.HC,ME,1
2012,ITALY,2.Ncup,MU,1
2012,ITALY,2.UWT,ME,2
2012,JAPAN,1.HC,ME,1
2012,JAPAN,2.2,ME,4
2012,KOREA,2.2,ME,1
2012,LATVIA,1.1,ME,1
2012,LATVIA,1.2,ME,1
2012,LATVIA,2.2,ME,1
2012,LUXEMBOURG,2.1,WE,1
2012,LUXEMBOURG,2.2,ME,1
2012,LUXEMBOURG,2.HC,ME,1
2012,LUXEMBOURG,2.Ncup,MJ,1
2012,MALAYSIA,2.2,ME,2
2012,MALAYSIA,2.HC,ME,1
2012,MEXICO,2.2,ME,2
2012,MOROCCO,1.2,ME,9
2012,MOROCCO,2.2,ME,1
2012,NETHERLANDS,1.1,ME,5
2012,NETHERLANDS,1.1,WE,2
2012,NETHERLANDS,1.2,ME,7
2012,NETHERLANDS,1.2,WE,4
2012,NETHERLANDS,1.Ncup,MU,1
2012,NETHERLANDS,1.UWT,ME,1
2012,NETHERLANDS,2.1,ME,2
2012,NETHERLANDS,2.1,MJ,1
2012,NETHERLANDS,2.1,WE,1
2012,NETHERLANDS,2.2,ME,2
2012,NETHERLANDS,2.2,WE,2
2012,NEW ZEALAND,2.2,ME,1
2012,NEW ZEALAND,2.2,WE,1
2012,NORWAY,1.1,ME,1
2012,NORWAY,2.1,ME,1
2012,OMAN,2.HC,ME,1
2012,PAKISTAN,2.2,ME,1
2012,PEOPLE'S REPUBLIC OF CHINA,1.2,WE,1
2012,PEOPLE'S REPUBLIC OF CHINA,2.1,ME,2
2012,PEOPLE'S REPUBLIC OF CHINA,2.1,WE,1
2012,PEOPLE'S REPUBLIC OF CHINA,2.2,ME,1
2012,PEOPLE'S REPUBLIC OF CHINA,2.2,WE,1
2012,PEOPLE'S REPUBLIC OF CHINA,2.HC,ME,2
2012,PEOPLE'S REPUBLIC OF CHINA,2.UWT,ME,1
2012,PHILIPPINES,2.2,ME,1
2012,POLAND,1.2,ME,4
2012,POLAND,2.1,ME,2
2012,POLAND,2.1,MJ,2
2012,POLAND,2.2,ME,2
2012,POLAND,2.2U,MU,1
2012,POLAND,2.UWT,ME,1
2012,PORTUGAL,2.1,ME,2
2012,PORTUGAL,2.2,ME,2
2012,QATAR,2.1,WE,1
2012,QATAR,2.HC,ME,1
2012,ROMANIA,2.2,ME,3
2012,RUSSIAN FEDERATION,1.2,ME,3
2012,RUSSIAN FEDERATION,1.2,WE,1
2012,RUSSIAN FEDERATION,2.2,ME,3
2012,RUSSIAN FEDERATION,2.2,WE,1
2012,RWANDA,2.2,ME,2
2012,SERBIA,1.2,ME,3
2012,SERBIA,2.2,ME,1
2012,SLOVAKIA,2.2,ME,1
2012,SLOVENIA,1.2,ME,1
2012,SLOVENIA,2.1,ME,1
2012,SOUTH AFRICA,2.1,WE,1
2012,SPAIN,1.1,ME,8
2012,SPAIN,1.2,WE,1
2012,SPAIN,1.HC,ME,2
2012,SPAIN,1.UWT,ME,1
2012,SPAIN,2.1,ME,5
2012,SPAIN,2.1,WE,1
2012,SPAIN,2.2,ME,1
2012,SPAIN,2.HC,ME,1
2012,SPAIN,2.UWT,ME,3
2012,SWEDEN,1.2,ME,1
2012,SWITZERLAND,1.1,ME,2
2012,SWITZERLAND,2.1,MJ,2
2012,SWITZERLAND,2.UWT,ME,2
2012,SYRIAN ARAB REPUBLIC,1.2,ME,2
2012,SYRIAN ARAB REPUBLIC,1.2,WE,2
2012,THAILAND,2.2,ME,1
2012,THAILAND,2.2,WE,1
2012,TRINIDAD AND TOBAGO,1.2,ME,1
2012,TURKEY,2.2,ME,1
2012,TURKEY,2.HC,ME,1
2012,UKRAINE,1.2,ME,2
2012,UNITED STATES OF AMERICA,1.1,WE,1
2012,UNITED STATES OF AMERICA,1.2,ME,2
2012,UNITED STATES OF AMERICA,1.HC,ME,1
2012,UNITED STATES OF AMERICA,2.1,ME,2
2012,UNITED STATES OF AMERICA,2.1,WE,1
2012,UNITED STATES OF AMERICA,2.2,ME,1
2012,UNITED STATES OF AMERICA,2.HC,ME,2
2012,URUGUAY,2.2,ME,2
2013,ALGERIA,1.2,ME,1
2013,ALGERIA,2.2,ME,3
2013,ARGENTINA,2.1,ME,1
2013,AUSTRALIA,2.UWT,ME,1
2013,AUSTRIA,1.2,ME,2
2013,AUSTRIA,2.1,MJ,1
2013,AUSTRIA,2.2,ME,1
2013,AUSTRIA,2.HC,ME,1
2013,AZERBAIJAN,2.2,ME,1
2013,BELGIUM,1.1,ME,15
2013,BELGIUM,1.1,MJ,6
2013,BELGIUM,1.1,WE,1
2013,BELGIUM,1.2,ME,15
2013,BELGIUM,1.2,WE,7
2013,BELGIUM,1.2U,MU,1
2013,BELGIUM,1.HC,ME,5
2013,BELGIUM,1.Ncup,MU,1
2013,BELGIUM,1.UWT,ME,5
2013,BELGIUM,2.1,ME,2
2013,BELGIUM,2.1,MJ,3
2013,BELGIUM,2.2,ME,1
2013,BELGIUM,2.2,WE,1
2013,BELGIUM,2.HC,ME,3
2013,BELGIUM,2.UWT,ME,1
2013,BOLIVARIAN REPUBLIC OF VENEZUELA,2.2,ME,2
2013,BOLIVIA,2.2,ME,2
2013,BOSNIA AND HERZEGOVINA,1.2,ME,1
2013,BRAZIL,1.2,ME,1
2013,BRAZIL,2.2,ME,2
2013,BULGARIA,2.2,ME,1
2013,BURKINA FASO,2.2,ME,1
2013,CAMEROON,2.2,ME,1
2013,CANADA,1.1,WE,2
2013,CANADA,1.1,WJ,1
2013,CANADA,1.2,ME,1
2013,CANADA,1.UWT,ME,2
2013,CANADA,2.1,ME,1
2013,CANADA,2.1,MJ,1
2013,CANADA,2.2,ME,1
2013,CANADA,2.Ncup,MU,1
2013,CHINESE TAIPEI,2.1,ME,1
2013,COLOMBIA,2.2,ME,1
2013,COSTA RICA,2.2,ME,1
2013,COSTA RICA,2.2,WE,1
2013,CROATIA,1.2,ME,2
2013,CROATIA,2.2,ME,1
2013,CROATIA,2.Ncup,MJ,1
2013,CZECH REPUBLIC,1.2,ME,2
2013,CZECH REPUBLIC,2.2,ME,2
2013,CZECH REPUBLIC,2.2,WE,2
2013,CZECH REPUBLIC,2.2U,MU,1
2013,CZECH REPUBLIC,2.Ncup,MJ,1
2013,DENMARK,1.2,ME,4
2013,DENMARK,2.HC,ME,1
2013,EL SALVADOR,1.1,WE,2
2013,EL SALVADOR,1.2,WE,1
2013,EL SALVADOR,2.1,WE,1
2013,ERITREA,1.2,ME,1
2013,ERITREA,2.2,ME,2
2013,ESTONIA,2.1,ME,1
2013,FRANCE,1.1,ME,21
2013,FRANCE,1.1,MJ,2
2013,FRANCE,1.1,WE,2
2013,FRANCE,1.1,WJ,1
2013,FRANCE,1.2,ME,8
2013,FRANCE,1.2,WE,1
2013,FRANCE,1.2U,MU,1
2013,FRANCE,1.HC,ME,3
2013,FRANCE,1.Ncup,MJ,1
2013,FRANCE,1.Ncup,MU,1
2013,FRANCE,1.UWT,ME,2
2013,FRANCE,2.1,ME,9
2013,FRANCE,2.1,MJ,2
2013,FRANCE,2.1,WE,1
2013,FRANCE,2.2,ME,15
2013,FRANCE,2.2,WE,5
2013,FRANCE,2.2U,MU,1
2013,FRANCE,2.HC,ME,2
2013,FRANCE,2.Ncup,MJ,1
2013,FRANCE,2.Ncup,MU,1
2013,FRANCE,2.UWT,ME,3
2013,GABON,2.1,ME,1
2013,GERMANY,1.1,ME,3
2013,GERMANY,1.1,WE,1
2013,GERMANY,1.2U,MU,1
2013,GERMANY,1.HC,ME,1
2013,GERMANY,1.UWT,ME,1
2013,GERMANY,2.1,MJ,2
2013,GERMANY,2.1,WE,1
2013,GERMANY,2.2U,MU,2
2013,GERMANY,2.HC,ME,1
2013,GERMANY,2.Ncup,MJ,1
2013,GREAT BRITAIN,1.1,ME,1
2013,GREAT BRITAIN,1.2,ME,1
2013,GREAT BRITAIN,2.1,ME,1
2013,GUATEMALA,2.2,ME,2
2013,HUNGARY,1.2,ME,3
2013,INDONESIA,2.2,ME,3
2013,IRELAND,2.2,ME,1
2013,ISLAMIC REPUBLIC OF IRAN,2.1,MJ,1
2013,ISLAMIC REPUBLIC OF IRAN,2.2,ME,1
2013,ITALY,1.1,ME,17
2013,ITALY,1.1,MJ,8
2013,ITALY,1.1,WE,1
2013,ITALY,1.2,ME,10
2013,ITALY,1.2U,MU,7
2013,ITALY,1.HC,ME,3
2013,ITALY,1.UWT,ME,2
2013,ITALY,2.1,ME,2
2013,ITALY,2.1,MJ,2
2013,ITALY,2.1,WE,2
2013,ITALY,2.2,ME,1
2013,ITALY,2.2U,MU,1
2013,ITALY,2.HC,ME,1
2013,ITALY,2.HC,WE,1
2013,ITALY,2.UWT,ME,2
2013,JAPAN,1.2,ME,1
2013,JAPAN,1.HC,ME,1
2013,JAPAN,2.1,ME,1
2013,JAPAN,2.2,ME,2
2013,KOREA,2.2,ME,1
2013,LATVIA,1.1,ME,2
2013,LATVIA,2.2,ME,1
2013,LUXEMBOURG,2.1,WE,1
2013,LUXEMBOURG,2.2,ME,1
2013,LUXEMBOURG,2.HC,ME,1
2013,LUXEMBOURG,2.Ncup,MJ,1
2013,MALAYSIA,1.2,ME,1
2013,MALAYSIA,2.2,ME,2
2013,MALAYSIA,2.HC,ME,1
2013,MEXICO,2.2,ME,1
2013,MOROCCO,1.2,ME,6
2013,MOROCCO,2.2,ME,1
2013,NETHERLANDS,1.1,ME,4
2013,NETHERLANDS,1.2,ME,11
2013,NETHERLANDS,1.2,WE,5
2013,NETHERLANDS,1.Ncup,MU,1
2013,NETHERLANDS,1.UWT,ME,1
2013,NETHERLANDS,2.1,ME,2
2013,NETHERLANDS,2.1,MJ,1
2013,NETHERLANDS,2.1,WE,1
2013,NETHERLANDS,2.1,WJ,1
2013,NETHERLANDS,2.2,ME,1
2013,NETHERLANDS,2.2,WE,1
2013,NEW ZEALAND,2.2,ME,1
2013,NORWAY,1.2,ME,2
2013,NORWAY,2.1,ME,3
2013,OMAN,2.HC,ME,1
2013,PEOPLE'S REPUBLIC OF CHINA,2.1,ME,3
2013,PEOPLE'S REPUBLIC OF CHINA,2.1,WE,1
2013,PEOPLE'S REPUBLIC OF CHINA,2.2,ME,1
2013,PEOPLE'S REPUBLIC OF CHINA,2.2,WE,1
2013,PEOPLE'S REPUBLIC OF CHINA,2.HC,ME,2
2013,PEOPLE'S REPUBLIC OF CHINA,2.UWT,ME,1
2013,PHILIPPINES,2.2,ME,1
2013,POLAND,1.2,ME,4
2013,POLAND,2.1,ME,2
2013,POLAND,2.1,MJ,1
2013,POLAND,2.2,ME,2
2013,POLAND,2.2U,MU,1
2013,POLAND,2.UWT,ME,1
2013,PORTUGAL,2.1,ME,2
2013,PORTUGAL,2.2,ME,2
2013,QATAR,2.1,WE,1
2013,QATAR,2.HC,ME,1
2013,ROMANIA,2.1,ME,1
2013,ROMANIA,2.2,ME,2
2013,RUSSIAN FEDERATION,1.2,ME,3
2013,RUSSIAN FEDERATION,1.2,WE,1
2013,RUSSIAN FEDERATION,2.2,ME,3
2013,RUSSIAN FEDERATION,2.2,WE,1
2013,RWANDA,2.2,ME,1
2013,SERBIA,1.2,ME,2
2013,SERBIA,2.2,ME,1
2013,SLOVAKIA,2.2,ME,1
2013,SLOVENIA,1.2,ME,3
2013,SLOVENIA,2.1,ME,1
2013,SOUTH AFRICA,2.2,ME,1
2013,SPAIN,1.1,ME,11
2013,SPAIN,1.2,WE,1
2013,SPAIN,1.HC,ME,1
2013,SPAIN,1.UWT,ME,1
2013,SPAIN,2.1,ME,3
2013,SPAIN,2.1,WE,1
2013,SPAIN,2.2,ME,1
2013,SPAIN,2.2U,MU,1
2013,SPAIN,2.HC,ME,1
2013,SPAIN,2.UWT,ME,3
2013,SWEDEN,1.2,ME,1
2013,SWITZERLAND,1.1,ME,1
2013,SWITZERLAND,1.2,ME,2
2013,SWITZERLAND,2.1,MJ,2
2013,SWITZERLAND,2.UWT,ME,2
2013,THAILAND,2.2,ME,1
2013,THAILAND,2.2,WE,1
2013,TRINIDAD AND TOBAGO,1.2,ME,1
2013,TURKEY,2.HC,ME,1
2013,UKRAINE,1.2,ME,3
2013,UNITED STATES OF AMERICA,1.2,ME,2
2013,UNITED STATES OF AMERICA,1.2,WE,1
2013,UNITED STATES OF AMERICA,2.1,ME,2
2013,UNITED STATES OF AMERICA,2.2,ME,1
2013,UNITED STATES OF AMERICA,2.HC,ME,2
2013,VIETNAM,2.2,ME,1
2014,ALGERIA,1.2,ME,5
2014,ALGERIA,2.2,ME,4
2014,ARGENTINA,2.1,ME,1
2014,ARGENTINA,2.2,WE,1
2014,AUSTRALIA,2.1,ME,1
2014,AUSTRALIA,2.UWT,ME,1
2014,AUSTRIA,1.2,ME,2
2014,AUSTRIA,2.1,MJ,1
2014,AUSTRIA,2.2,ME,1
2014,AUSTRIA,2.HC,ME,1
2014,AZERBAIJAN,2.1,ME,1
2014,BELGIUM,1.1,ME,16
2014,BELGIUM,1.1,MJ,7
2014,BELGIUM,1.1,WE,2
2014,BELGIUM,1.2,ME,12
2014,BELGIUM,1.2,WE,8
2014,BELGIUM,1.2U,MU,1
2014,BELGIUM,1.HC,ME,5
2014,BELGIUM,1.Ncup,MU,1
2014,BELGIUM,1.UWT,ME,5
2014,BELGIUM,2.1,ME,2
2014,BELGIUM,2.1,MJ,3
2014,BELGIUM,2.2,ME,1
2014,BELGIUM,2.2,WE,1
2014,BELGIUM,2.HC,ME,3
2014,BELGIUM,2.UWT,ME,1
2014,BOLIVARIAN REPUBLIC OF VENEZUELA,1.2,WE,2
2014,BOLIVARIAN REPUBLIC OF VENEZUELA,2.2,ME,2
2014,BOLIVIA,2.2,ME,2
2014,BOSNIA AND HERZEGOVINA,1.2,ME,2
2014,BRAZIL,2.2,ME,4
2014,BULGARIA,2.1,MJ,1
2014,BURKINA FASO,2.2,ME,1
2014,CAMEROON,2.2,ME,3
2014,CANADA,1.1,WE,2
2014,CANADA,1.2,ME,1
2014,CANADA,1.2,WE,1
2014,CANADA,1.UWT,ME,2
2014,CANADA,2.1,ME,1
2014,CANADA,2.2,ME,2
2014,CANADA,2.Ncup,MJ,1
2014,CHINESE TAIPEI,2.1,ME,1
2014,COLOMBIA,2.2,ME,1
2014,COSTA RICA,2.2,ME,2
2014,COSTA RICA,2.2,WE,1
2014,CROATIA,1.2,ME,2
2014,CROATIA,2.2,ME,1
2014,CROATIA,2.Ncup,MJ,1
2014,CZECH REPUBLIC,1.2,ME,3
2014,CZECH REPUBLIC,2.2,ME,2
2014,CZECH REPUBLIC,2.2,WE,2
2014,CZECH REPUBLIC,2.2U,MU,1
2014,CZECH REPUBLIC,2.Ncup,MJ,1
2014,DENMARK,1.2,ME,3
2014,DENMARK,2.HC,ME,1
2014,DOMINICAN REPUBLIC,2.2,ME,1
2014,EL SALVADOR,1.1,WE,3
2014,EL SALVADOR,2.1,WE,1
2014,ESTONIA,2.1,ME,1
2014,ESTONIA,2.2,ME,1
2014,FRANCE,1.1,ME,22
2014,FRANCE,1.1,MJ,2
2014,FRANCE,1.1,WE,3
2014,FRANCE,1.1,WJ,1
2014,FRANCE,1.2,ME,7
2014,FRANCE,1.2,WE,2
2014,FRANCE,1.2U,MU,2
2014,FRANCE,1.HC,ME,2
2014,FRANCE,1.Ncup,MJ,1
2014,FRANCE,1.Ncup,MU,1
2014,FRANCE,1.UWT,ME,2
2014,FRANCE,2.1,ME,11
2014,FRANCE,2.1,MJ,2
2014,FRANCE,2.1,WE,1
2014,FRANCE,2.2,ME,12
2014,FRANCE,2.2,WE,3
2014,FRANCE,2.2U,MU,1
2014,FRANCE,2.HC,ME,2
2014,FRANCE,2.Ncup,MJ,1
2014,FRANCE,2.Ncup,MU,1
2014,FRANCE,2.UWT,ME,3
2014,GABON,2.1,ME,1
2014,GERMANY,1.1,ME,3
2014,GERMANY,1.2U,MU,1
2014,GERMANY,1.HC,ME,1
2014,GERMANY,1.UWT,ME,1
2014,GERMANY,2.1,MJ,1
2014,GERMANY,2.1,WE,1
2014,GERMANY,2.2,WE,1
2014,GERMANY,2.2U,MU,1
2014,GERMANY,2.HC,ME,1
2014,GERMANY,2.Ncup,MJ,1
2014,GREAT BRITAIN,1.2,ME,2
2014,GREAT BRITAIN,1.HC,ME,1
2014,GREAT BRITAIN,2.1,WE,1
2014,GREAT BRITAIN,2.HC,ME,1
2014,GUATEMALA,2.2,ME,1
2014,HUNGARY,1.2,ME,4
2014,INDIA,1.2,ME,3
2014,INDONESIA,2.2,ME,4
2014,IRELAND,2.2,ME,1
2014,ISLAMIC REPUBLIC OF IRAN,2.1,ME,1
2014,ITALY,1.1,ME,14
2014,ITALY,1.1,MJ,7
2014,ITALY,1.1,WE,1
2014,ITALY,1.2,ME,8
2014,ITALY,1.2,WE,2
2014,ITALY,1.2U,MU,8
2014,ITALY,1.HC,ME,4
2014,ITALY,1.UWT,ME,2
2014,ITALY,2.1,ME,1
2014,ITALY,2.1,WE,1
2014,ITALY,2.2,ME,1
2014,ITALY,2.2,WE,1
2014,ITALY,2.2U,MU,1
2014,ITALY,2.HC,ME,1
2014,ITALY,2.UWT,ME,2
2014,JAPAN,1.2,ME,2
2014,JAPAN,1.HC,ME,2
2014,JAPAN,2.1,ME,1
2014,JAPAN,2.2,ME,2
2014,KAZAKHSTAN,1.1,ME,1
2014,KAZAKHSTAN,1.2,ME,1
2014,KOREA,2.1,ME,1
2014,LUXEMBOURG,2.1,WE,1
2014,LUXEMBOURG,2.2,ME,1
2014,LUXEMBOURG,2.HC,ME,1
2014,LUXEMBOURG,2.Ncup,MJ,1
2014,MALAYSIA,1.2,ME,1
2014,MALAYSIA,2.2,ME,1
2014,MALAYSIA,2.HC,ME,1
2014,MEXICO,2.2,ME,1
2014,MOROCCO,1.2,ME,6
2014,MOROCCO,2.2,ME,1
2014,NETHERLANDS,1.1,ME,5
2014,NETHERLANDS,1.1,WE,2
2014,NETHERLANDS,1.2,ME,9
2014,NETHERLANDS,1.2,WE,5
2014,NETHERLANDS,1.Ncup,MU,1
2014,NETHERLANDS,1.UWT,ME,1
2014,NETHERLANDS,2.1,ME,2
2014,NETHERLANDS,2.1,MJ,1
2014,NETHERLANDS,2.1,WE,1
2014,NETHERLANDS,2.2,ME,1
2014,NETHERLANDS,2.2,WE,2
2014,NEW ZEALAND,2.2,ME,1
2014,NORWAY,1.2,ME,2
2014,NORWAY,2.1,ME,2
2014,NORWAY,2.2,WE,1
2014,NORWAY,2.HC,ME,1
2014,OMAN,2.HC,ME,1
2014,PEOPLE'S REPUBLIC OF CHINA,1.2,ME,2
2014,PEOPLE'S REPUBLIC OF CHINA,2.1,ME,4
2014,PEOPLE'S REPUBLIC OF CHINA,2.1,WE,1
2014,PEOPLE'S REPUBLIC OF CHINA,2.2,ME,2
2014,PEOPLE'S REPUBLIC OF CHINA,2.2,WE,1
2014,PEOPLE'S REPUBLIC OF CHINA,2.HC,ME,3
2014,PEOPLE'S REPUBLIC OF CHINA,2.UWT,ME,1
2014,PHILIPPINES,2.2,ME,1
2014,POLAND,1.2,ME,5
2014,POLAND,2.1,ME,1
2014,POLAND,2.1,MJ,1
2014,POLAND,2.2,ME,4
2014,POLAND,2.2U,MU,1
2014,POLAND,2.UWT,ME,1
2014,PORTUGAL,2.1,ME,2
2014,PORTUGAL,2.2,ME,2
2014,PORTUGAL,2.2U,MU,1
2014,QATAR,2.1,WE,1
2014,QATAR,2.2,ME,2
2014,QATAR,2.HC,ME,1
2014,ROMANIA,2.1,ME,1
2014,ROMANIA,2.2,ME,1
2014,RUSSIAN FEDERATION,1.2,ME,3
2014,RUSSIAN FEDERATION,1.2,WE,1
2014,RUSSIAN FEDERATION,2.2,ME,5
2014,RUSSIAN FEDERATION,2.2,WE,1
2014,RWANDA,2.2,ME,2
2014,SERBIA,1.2,ME,1
2014,SERBIA,2.1,MJ,1
2014,SERBIA,2.2,ME,1
2014,SLOVAKIA,1.2,ME,1
2014,SLOVAKIA,2.2,ME,1
2014,SLOVENIA,1.2,ME,2
2014,SLOVENIA,1.2,WE,1
2014,SLOVENIA,2.1,ME,1
2014,SOUTH AFRICA,2.2,ME,1
2014,SPAIN,1.1,ME,11
2014,SPAIN,1.2,WE,1
2014,SPAIN,1.UWT,ME,1
2014,SPAIN,2.1,ME,2
2014,SPAIN,2.1,WE,1
2014,SPAIN,2.HC,ME,1
2014,SPAIN,2.UWT,ME,3
2014,SWEDEN,1.2,ME,1
2014,SWITZERLAND,1.1,ME,1
2014,SWITZERLAND,1.2,ME,2
2014,SWITZERLAND,1.2,WE,1
2014,SWITZERLAND,1.HC,ME,1
2014,SWITZERLAND,2.1,MJ,2
2014,SWITZERLAND,2.UWT,ME,2
2014,THAILAND,2.2,ME,1
2014,THAILAND,2.2,WE,1
2014,TRINIDAD AND TOBAGO,1.2,ME,2
2014,TURKEY,2.HC,ME,1
2014,UKRAINE,1.2,ME,3
2014,UNITED ARAB EMIRATES,2.1,ME,1
2014,UNITED ARAB EMIRATES,2.2,ME,2
2014,UNITED STATES OF AMERICA,1.1,ME,1
2014,UNITED STATES OF AMERICA,1.1,WE,1
2014,UNITED STATES OF AMERICA,1.2,ME,2
2014,UNITED STATES OF AMERICA,1.2,WE,1
2014,UNITED STATES OF AMERICA,2.1,ME,1
2014,UNITED STATES OF AMERICA,2.2,ME,1
2014,UNITED STATES OF AMERICA,2.HC,ME,2
2015,ALGERIA,1.2,ME,5
2015,ALGERIA,2.2,ME,5
2015,ARGENTINA,1.2,WE,1
2015,ARGENTINA,2.1,ME,1
2015,ARGENTINA,2.2,WE,1
2015,AUSTRALIA,1.1,ME,1
2015,AUSTRALIA,2.1,ME,1
2015,AUSTRALIA,2.UWT,ME,1
2015,AUSTRIA,1.2,ME,1
2015,AUSTRIA,2.1,MJ,1
2015,AUSTRIA,2.2,ME,1
2015,AUSTRIA,2.HC,ME,1
2015,AZERBAIJAN,2.1,ME,1
2015,BELARUS,1.2,ME,2
2015,BELGIUM,1.1,ME,16
2015,BELGIUM,1.1,MJ,8
2015,BELGIUM,1.1,WE,3
2015,BELGIUM,1.2,ME,12
2015,BELGIUM,1.2,WE,7
2015,BELGIUM,1.2U,MU,1
2015,BELGIUM,1.HC,ME,6
2015,BELGIUM,1.Ncup,MU,1
2015,BELGIUM,1.UWT,ME,5
2015,BELGIUM,2.1,ME,2
2015,BELGIUM,2.1,MJ,3
2015,BELGIUM,2.2,ME,1
2015,BELGIUM,2.2,WE,1
2015,BELGIUM,2.HC,ME,3
2015,BELGIUM,2.UWT,ME,1
2015,BOLIVARIAN REPUBLIC OF VENEZUELA,1.2,ME,2
2015,BOLIVARIAN REPUBLIC OF VENEZUELA,1.2,WE,2
2015,BOLIVARIAN REPUBLIC OF VENEZUELA,2.2,ME,2
2015,BOSNIA AND HERZEGOVINA,1.2,ME,2
2015,BRAZIL,1.2,ME,2
2015,BRAZIL,2.2,ME,3
2015,BULGARIA,2.2,ME,2
2015,BURKINA FASO,2.2,ME,1
2015,CAMEROON,2.2,ME,2
2015,CANADA,1.1,WE,2
2015,CANADA,1.2,ME,1
2015,CANADA,1.2,WE,1
2015,CANADA,1.UWT,ME,2
2015,CANADA,2.1,ME,1
2015,CANADA,2.2,ME,2
2015,CANADA,2.Ncup,MJ,1
2015,CHINESE TAIPEI,2.1,ME,1
2015,COLOMBIA,2.2,ME,1
2015,COSTA RICA,2.2,ME,1
2015,COSTA RICA,2.2,WE,1
2015,COTE D'IVOIRE,2.2,ME,1
2015,CROATIA,1.2,ME,3
2015,CROATIA,2.1,ME,1
2015,CROATIA,2.2,ME,1
2015,CZECH REPUBLIC,1.2,ME,1
2015,CZECH REPUBLIC,2.1,ME,1
2015,CZECH REPUBLIC,2.2,ME,1
2015,CZECH REPUBLIC,2.2,WE,2
2015,CZECH REPUBLIC,2.Ncup,MJ,1
2015,CZECH REPUBLIC,2.Ncup,MU,1
2015,DENMARK,1.2,ME,5
2015,DENMARK,2.HC,ME,1
2015,DOMINICAN REPUBLIC,2.2,ME,1
2015,EGYPT,2.2,ME,1
2015,ESTONIA,2.1,ME,1
2015,ESTONIA,2.2,ME,1
2015,FRANCE,1.1,ME,22
2015,FRANCE,1.1,MJ,2
2015,FRANCE,1.1,WE,4
2015,FRANCE,1.1,WJ,1
2015,FRANCE,1.2,ME,7
2015,FRANCE,1.2,WE,2
2015,FRANCE,1.2U,MU,2
2015,FRANCE,1.HC,ME,2
2015,FRANCE,1.Ncup,MJ,1
2015,FRANCE,1.Ncup,MU,1
2015,FRANCE,1.UWT,ME,2
2015,FRANCE,2.1,ME,10
2015,FRANCE,2.1,MJ,2
2015,FRANCE,2.1,WE,1
2015,FRANCE,2.2,ME,12
2015,FRANCE,2.2,WE,3
2015,FRANCE,2.2U,MU,1
2015,FRANCE,2.HC,ME,2
2015,FRANCE,2.Ncup,MJ,1
2015,FRANCE,2.Ncup,MU,1
2015,FRANCE,2.UWT,ME,3
2015,GABON,2.1,ME,1
2015,GERMANY,1.1,ME,2
2015,GERMANY,1.2,ME,1
2015,GERMANY,1.HC,ME,1
2015,GERMANY,1.UWT,ME,1
2015,GERMANY,2.1,MJ,1
2015,GERMANY,2.1,WE,1
2015,GERMANY,2.2,WE,1
2015,GERMANY,2.2U,MU,1
2015,GERMANY,2.HC,ME,1
2015,GERMANY,2.Ncup,MJ,1
2015,GREAT BRITAIN,1.1,ME,1
2015,GREAT BRITAIN,1.2,ME,2
2015,GREAT BRITAIN,1.HC,ME,1
2015,GREAT BRITAIN,2.1,ME,1
2015,GREAT BRITAIN,2.1,WE,1
2015,GREAT BRITAIN,2.HC,ME,1
2015,GUATEMALA,2.2,ME,1
2015,HUNGARY,1.2,ME,1
2015,HUNGARY,2.2,ME,1
2015,INDONESIA,2.2,ME,2
2015,IRELAND,2.2,ME,1
2015,ISLAMIC REPUBLIC OF IRAN,2.1,ME,1
2015,ITALY,1.1,ME,8
2015,ITALY,1.1,MJ,7
2015,ITALY,1.1,WE,3
2015,ITALY,1.1,WJ,1
2015,ITALY,1.2,ME,7
2015,ITALY,1.2U,MU,8
2015,ITALY,1.HC,ME,8
2015,ITALY,1.Ncup,MU,1
2015,ITALY,1.UWT,ME,2
2015,ITALY,2.1,ME,1
2015,ITALY,2.1,MJ,1
2015,ITALY,2.1,WE,1
2015,ITALY,2.2,ME,1
2015,ITALY,2.2,WE,1
2015,ITALY,2.2U,MU,1
2015,ITALY,2.HC,ME,1
2015,ITALY,2.UWT,ME,2
2015,JAPAN,1.2,ME,1
2015,JAPAN,1.HC,ME,1
2015,JAPAN,2.1,ME,1
2015,JAPAN,2.2,ME,2
2015,KAZAKHSTAN,1.1,ME,1
2015,KOREA,2.1,ME,1
2015,LUXEMBOURG,2.1,WE,1
2015,LUXEMBOURG,2.2,ME,1
2015,LUXEMBOURG,2.HC,ME,1
2015,LUXEMBOURG,2.Ncup,MJ,1
2015,MALAYSIA,2.2,ME,2
2015,MALAYSIA,2.HC,ME,1
2015,MEXICO,2.2,ME,1
2015,MOROCCO,1.2,ME,9
2015,MOROCCO,2.2,ME,1
2015,NETHERLANDS,1.1,ME,5
2015,NETHERLANDS,1.1,WE,3
2015,NETHERLANDS,1.2,ME,7
2015,NETHERLANDS,1.2,WE,5
2015,NETHERLANDS,1.UWT,ME,1
2015,NETHERLANDS,2.1,ME,2
2015,NETHERLANDS,2.1,MJ,1
2015,NETHERLANDS,2.1,WE,1
2015,NETHERLANDS,2.2,ME,2
2015,NETHERLANDS,2.2,WE,2
2015,NETHERLANDS,2.Ncup,MU,1
2015,NEW ZEALAND,1.2,ME,1
2015,NEW ZEALAND,2.2,ME,1
2015,NEW ZEALAND,2.2,WE,1
2015,NORWAY,1.2,ME,2
2015,NORWAY,2.1,ME,1
2015,NORWAY,2.2,WE,1
2015,NORWAY,2.HC,ME,2
2015,OMAN,2.HC,ME,1
2015,PEOPLE'S REPUBLIC OF CHINA,2.1,ME,3
2015,PEOPLE'S REPUBLIC OF CHINA,2.1,WE,1
2015,PEOPLE'S REPUBLIC OF CHINA,2.2,ME,2
2015,PEOPLE'S REPUBLIC OF CHINA,2.2,WE,1
2015,PEOPLE'S REPUBLIC OF CHINA,2.HC,ME,2
2015,PHILIPPINES,2.2,ME,1
2015,POLAND,1.2,ME,8
2015,POLAND,2.1,MJ,1
2015,POLAND,2.2,ME,6
2015,POLAND,2.2U,MU,1
2015,POLAND,2.UWT,ME,1
2015,PORTUGAL,1.2,ME,1
2015,PORTUGAL,2.1,ME,2
2015,PORTUGAL,2.2,ME,4
2015,PORTUGAL,2.2U,MU,1
2015,QATAR,2.1,WE,1
2015,QATAR,2.2,ME,1
2015,QATAR,2.HC,ME,1
2015,ROMANIA,2.1,ME,1
2015,ROMANIA,2.2,ME,1
2015,RUSSIAN FEDERATION,1.2,ME,7
2015,RUSSIAN FEDERATION,1.2,WE,1
2015,RUSSIAN FEDERATION,2.2,ME,4
2015,RUSSIAN FEDERATION,2.2,WE,1
2015,RWANDA,2.2,ME,1
2015,SERBIA,1.2,ME,1
2015,SERBIA,2.1,MJ,1
2015,SERBIA,2.2,ME,1
2015,SLOVAKIA,1.2,ME,1
2015,SLOVAKIA,2.2,ME,1
2015,SLOVENIA,1.2,ME,3
2015,SLOVENIA,1.2,WE,1
2015,SLOVENIA,2.1,ME,1
2015,SOUTH AFRICA,1.1,WE,1
2015,SOUTH AFRICA,1.2,ME,3
2015,SOUTH AFRICA,1.2,WE,2
2015,SPAIN,1.1,ME,11
2015,SPAIN,1.1,WE,1
2015,SPAIN,1.2,WE,1
2015,SPAIN,1.UWT,ME,1
2015,SPAIN,2.1,ME,4
2015,SPAIN,2.1,WE,1
2015,SPAIN,2.HC,ME,1
2015,SPAIN,2.UWT,ME,3
2015,SWEDEN,1.1,ME,1
2015,SWEDEN,1.2,ME,1
2015,SWITZERLAND,1.2,ME,1
2015,SWITZERLAND,1.2,WE,2
2015,SWITZERLAND,1.HC,ME,2
2015,SWITZERLAND,2.1,MJ,1
2015,SWITZERLAND,2.Ncup,MJ,1
2015,SWITZERLAND,2.UWT,ME,2
2015,THAILAND,2.2,ME,1
2015,THAILAND,2.2,WE,1
2015,TRINIDAD AND TOBAGO,1.2,ME,1
2015,TURKEY,2.2,ME,6
2015,TURKEY,2.HC,ME,1
2015,UKRAINE,1.2,ME,7
2015,UNITED ARAB EMIRATES,1.2,ME,1
2015,UNITED ARAB EMIRATES,2.1,ME,1
2015,UNITED ARAB EMIRATES,2.2,ME,1
2015,UNITED ARAB EMIRATES,2.HC,ME,1
2015,UNITED STATES OF AMERICA,1.1,WE,1
2015,UNITED STATES OF AMERICA,1.2,ME,3
2015,UNITED STATES OF AMERICA,1.2,WE,1
2015,UNITED STATES OF AMERICA,2.1,WE,1
2015,UNITED STATES OF AMERICA,2.2,ME,2
2015,UNITED STATES OF AMERICA,2.2,WE,2
2015,UNITED STATES OF AMERICA,2.HC,ME,3
2015,URUGUAY,2.2,ME,1
2016,ALBANIA,1.2,ME,1
2016,ALGERIA,1.2,ME,5
2016,ALGERIA,2.2,ME,5
2016,ARGENTINA,1.2,WE,1
2016,ARGENTINA,2.1,ME,1
2016,ARGENTINA,2.1,WE,1
2016,AUSTRALIA,1.2,WE,1
2016,AUSTRALIA,1.HC,ME,1
2016,AUSTRALIA,2.1,ME,1
2016,AUSTRALIA,2.2,WE,1
2016,AUSTRALIA,2.UWT,ME,1
2016,AUSTRIA,2.1,ME,1
2016,AUSTRIA,2.1,MJ,1
2016,AUSTRIA,2.2,ME,1
2016,AZERBAIJAN,2.1,ME,1
2016,BELARUS,1.2,ME,2
2016,BELGIUM,1.1,ME,16
2016,BELGIUM,1.1,MJ,9
2016,BELGIUM,1.1,WE,5
2016,BELGIUM,1.2,ME,13
2016,BELGIUM,1.2,WE,6
2016,BELGIUM,1.2U,MU,1
2016,BELGIUM,1.HC,ME,8
2016,BELGIUM,1.Ncup,MJ,1
2016,BELGIUM,1.Ncup,MU,2
2016,BELGIUM,1.Ncup,WJ,1
2016,BELGIUM,1.UWT,ME,5
2016,BELGIUM,1.WWT,WE,3
2016,BELGIUM,2.1,ME,1
2016,BELGIUM,2.1,MJ,3
2016,BELGIUM,2.1,WE,1
2016,BELGIUM,2.2,ME,1
2016,BELGIUM,2.2,WE,1
2016,BELGIUM,2.HC,ME,3
2016,BELGIUM,2.UWT,ME,1
2016,BOLIVARIAN REPUBLIC OF VENEZUELA,1.2,WE,4
2016,BOLIVARIAN REPUBLIC OF VENEZUELA,2.2,ME,2
2016,BOSNIA AND HERZEGOVINA,1.2,ME,1
2016,BRAZIL,2.2,ME,1
2016,BULGARIA,2.2,ME,1
2016,CAMEROON,2.2,ME,2
2016,CANADA,1.1,WE,2
2016,CANADA,1.2,ME,1
2016,CANADA,1.2,WE,1
2016,CANADA,1.UWT,ME,2
2016,CANADA,2.1,ME,1
2016,CANADA,2.2,ME,2
2016,CANADA,2.Ncup,MJ,1
2016,CHINESE TAIPEI,2.1,ME,1
2016,COLOMBIA,2.2,ME,1
2016,COSTA RICA,2.2,WE,1
2016,COTE D'IVOIRE,2.2,ME,1
2016,CROATIA,1.2,ME,3
2016,CROATIA,2.1,ME,1
2016,CROATIA,2.2,ME,1
2016,CZECH REPUBLIC,1.2,ME,1
2016,CZECH REPUBLIC,1.2,WE,1
2016,CZECH REPUBLIC,2.1,ME,1
2016,CZECH REPUBLIC,2.2,ME,1
2016,CZECH REPUBLIC,2.2,WE,2
2016,CZECH REPUBLIC,2.Ncup,MJ,1
2016,CZECH REPUBLIC,2.Ncup,MU,1
2016,DENMARK,1.2,ME,5
2016,DENMARK,2.HC,ME,1
2016,DOMINICAN REPUBLIC,2.2,ME,1
2016,EGYPT,2.2,ME,1
2016,ERITREA,1.2,ME,3
2016,ERITREA,2.2,ME,1
2016,ESTONIA,2.1,ME,1
2016,ETHIOPIA,2.2,ME,1
2016,FINLAND,2.2,WE,1
2016,FRANCE,1.1,ME,20
2016,FRANCE,1.1,MJ,2
2016,FRANCE,1.1,WE,4
2016,FRANCE,1.1,WJ,1
2016,FRANCE,1.2,ME,7
2016,FRANCE,1.2U,MU,2
2016,FRANCE,1.HC,ME,3
2016,FRANCE,1.Ncup,MJ,1
2016,FRANCE,1.UWT,ME,2
2016,FRANCE,1.WWT,WE,2
2016,FRANCE,2.1,ME,11
2016,FRANCE,2.1,MJ,3
2016,FRANCE,2.1,WE,1
2016,FRANCE,2.2,ME,12
2016,FRANCE,2.2,WE,3
2016,FRANCE,2.2U,MU,1
2016,FRANCE,2.HC,ME,2
2016,FRANCE,2.Ncup,MJ,1
2016,FRANCE,2.Ncup,MU,1
2016,FRANCE,2.UWT,ME,3
2016,GABON,2.1,ME,1
2016,GERMANY,1.1,ME,2
2016,GERMANY,1.2U,MU,1
2016,GERMANY,1.HC,ME,2
2016,GERMANY,1.UWT,ME,1
2016,GERMANY,2.1,MJ,2
2016,GERMANY,2.1,WE,1
2016,GERMANY,2.2,WE,1
2016,GERMANY,2.2U,MU,1
2016,GERMANY,2.Ncup,MJ,1
2016,GERMANY,2.Ncup,WJ,1
2016,GREAT BRITAIN,1.1,ME,1
2016,GREAT BRITAIN,1.2,ME,2
2016,GREAT BRITAIN,1.2,WE,1
2016,GREAT BRITAIN,1.HC,ME,1
2016,GREAT BRITAIN,1.WWT,WE,1
2016,GREAT BRITAIN,2.1,ME,1
2016,GREAT BRITAIN,2.HC,ME,1
2016,GREAT BRITAIN,2.WWT,WE,1
2016,HUNGARY,1.2,ME,1
2016,HUNGARY,2.2,ME,1
2016,INDONESIA,1.2,ME,1
2016,INDONESIA,2.2,ME,3
2016,IRELAND,2.2,ME,1
2016,ISLAMIC REPUBLIC OF IRAN,2.1,ME,1
2016,ISRAEL,1.2,ME,1
2016,ISRAEL,1.2,WE,3
2016,ITALY,1.1,ME,8
2016,ITALY,1.1,MJ,7
2016,ITALY,1.1,WE,2
2016,ITALY,1.2,ME,5
2016,ITALY,1.2,WE,1
2016,ITALY,1.2U,MU,10
2016,ITALY,1.HC,ME,7
2016,ITALY,1.Ncup,MU,1
2016,ITALY,1.Ncup,WJ,1
2016,ITALY,1.UWT,ME,2
2016,ITALY,1.WWT,WE,2
2016,ITALY,2.1,ME,2
2016,ITALY,2.1,MJ,2
2016,ITALY,2.1,WE,1
2016,ITALY,2.2,WE,1
2016,ITALY,2.2U,MU,1
2016,ITALY,2.HC,ME,1
2016,ITALY,2.UWT,ME,2
2016,ITALY,2.WWT,WE,1
2016,JAPAN,1.HC,ME,1
2016,JAPAN,2.1,ME,1
2016,JAPAN,2.2,ME,2
2016,KAZAKHSTAN,1.1,ME,1
2016,KOREA,2.1,ME,1
2016,LITHUANIA,2.2,ME,1
2016,LUXEMBOURG,1.1,MJ,1
2016,LUXEMBOURG,2.1,WE,1
2016,LUXEMBOURG,2.2,ME,1
2016,LUXEMBOURG,2.HC,ME,1
2016,LUXEMBOURG,2.Ncup,MJ,1
2016,MALAYSIA,2.2,ME,1
2016,MALAYSIA,2.HC,ME,1
2016,MEXICO,2.2,WE,1
2016,MOROCCO,1.2,ME,3
2016,MOROCCO,2.2,ME,1
2016,NETHERLANDS,1.1,ME,3
2016,NETHERLANDS,1.1,WE,2
2016,NETHERLANDS,1.2,ME,8
2016,NETHERLANDS,1.2,WE,4
2016,NETHERLANDS,1.UWT,ME,1
2016,NETHERLANDS,1.WWT,WE,1
2016,NETHERLANDS,2.1,ME,1
2016,NETHERLANDS,2.1,MJ,1
2016,NETHERLANDS,2.1,WE,1
2016,NETHERLANDS,2.2,ME,1
2016,NETHERLANDS,2.2,WE,1
2016,NETHERLANDS,2.2U,MU,1
2016,NETHERLANDS,2.Ncup,MU,1
2016,NETHERLANDS,2.Ncup,WJ,1
2016,NEW ZEALAND,1.2,ME,1
2016,NEW ZEALAND,2.2,ME,1
2016,NORWAY,1.2,ME,2
2016,NORWAY,2.1,ME,1
2016,NORWAY,2.1,WE,1
2016,NORWAY,2.HC,ME,2
2016,OMAN,2.HC,ME,1
2016,PEOPLE'S REPUBLIC OF CHINA,2.1,ME,2
2016,PEOPLE'S REPUBLIC OF CHINA,2.2,WE,1
2016,PEOPLE'S REPUBLIC OF CHINA,2.HC,ME,1
2016,PEOPLE'S REPUBLIC OF CHINA,2.WWT,WE,1
2016,PHILIPPINES,2.2,ME,1
2016,POLAND,1.2,ME,8
2016,POLAND,2.1,MJ,1
2016,POLAND,2.2,ME,5
2016,POLAND,2.2,WE,1
2016,POLAND,2.2U,MU,1
2016,POLAND,2.UWT,ME,1
2016,PORTUGAL,2.1,ME,3
2016,PORTUGAL,2.2,ME,3
2016,PORTUGAL,2.2U,MU,1
2016,QATAR,2.1,WE,1
2016,QATAR,2.HC,ME,1
2016,ROMANIA,2.1,ME,1
2016,ROMANIA,2.2,ME,2
2016,SENEGAL,2.2,ME,1
2016,SERBIA,1.2,ME,1
2016,SERBIA,2.1,MJ,1
2016,SERBIA,2.2,ME,1
2016,SLOVAKIA,1.2,ME,1
2016,SLOVAKIA,2.2,ME,1
2016,SLOVENIA,1.2,ME,4
2016,SLOVENIA,1.2,WE,1
2016,SLOVENIA,2.1,ME,1
2016,SPAIN,1.1,ME,11
2016,SPAIN,1.2,WE,1
2016,SPAIN,1.UWT,ME,1
2016,SPAIN,1.WWT,WE,1
2016,SPAIN,2.1,ME,5
2016,SPAIN,2.1,WE,1
2016,SPAIN,2.HC,ME,1
2016,SPAIN,2.UWT,ME,3
2016,SWEDEN,1.2,ME,1
2016,SWEDEN,1.WWT,WE,2
2016,SWITZERLAND,1.2,ME,1
2016,SWITZERLAND,1.2,WE,1
2016,SWITZERLAND,1.HC,ME,2
2016,SWITZERLAND,2.1,MJ,1
2016,SWITZERLAND,2.Ncup,MJ,1
2016,SWITZERLAND,2.UWT,ME,2
2016,THAILAND,1.2,WE,1
2016,THAILAND,2.2,ME,1
2016,THAILAND,2.2,WE,2
2016,TRINIDAD AND TOBAGO,1.2,ME,1
2016,TUNISIA,2.2,ME,1
2016,TURKEY,2.2,ME,2
2016,TURKEY,2.HC,ME,1
2016,UKRAINE,1.2,ME,7
2016,UKRAINE,1.2,WE,2
2016,UKRAINE,2.2,ME,1
2016,UNITED ARAB EMIRATES,2.HC,ME,2
2016,UNITED STATES OF AMERICA,1.1,ME,2
2016,UNITED STATES OF AMERICA,1.2,ME,1
2016,UNITED STATES OF AMERICA,1.2,WE,1
2016,UNITED STATES OF AMERICA,1.WWT,WE,1
2016,UNITED STATES OF AMERICA,2.2,ME,2
2016,UNITED STATES OF AMERICA,2.2,WE,3
2016,UNITED STATES OF AMERICA,2.HC,ME,2
2016,UNITED STATES OF AMERICA,2.WWT,WE,1
2016,URUGUAY,2.2,ME,1
2017,ALBANIA,2.2,ME,1
2017,ARGENTINA,2.1,ME,1
2017,AUSTRALIA,1.2,WE,1
2017,AUSTRALIA,1.UWT,ME,1
2017,AUSTRALIA,2.1,ME,1
2017,AUSTRALIA,2.2,WE,1
2017,AUSTRALIA,2.UWT,ME,1
2017,AUSTRIA,1.1,ME,1
2017,AUSTRIA,1.2,ME,1
2017,AUSTRIA,2.1,ME,1
2017,AUSTRIA,2.1,MJ,1
2017,AUSTRIA,2.2,ME,1
2017,AZERBAIJAN,2.1,ME,1
2017,BELARUS,1.2,ME,2
2017,BELGIUM,1.1,ME,22
2017,BELGIUM,1.1,MJ,9
2017,BELGIUM,1.1,WE,7
2017,BELGIUM,1.2,ME,12
2017,BELGIUM,1.2,WE,4
2017,BELGIUM,1.2U,MU,1
2017,BELGIUM,1.HC,ME,7
2017,BELGIUM,1.Ncup,MJ,1
2017,BELGIUM,1.Ncup,MU,2
2017,BELGIUM,1.Ncup,WJ,1
2017,BELGIUM,1.UWT,ME,7
2017,BELGIUM,1.WWT,WE,4
2017,BELGIUM,2.1,MJ,2
2017,BELGIUM,2.1,WE,2
2017,BELGIUM,2.2,ME,1
2017,BELGIUM,2.HC,ME,3
2017,BELGIUM,2.UWT,ME,1
2017,BOLIVARIAN REPUBLIC OF VENEZUELA,2.2,ME,1
2017,BOSNIA AND HERZEGOVINA,1.2,ME,1
2017,BULGARIA,2.1,MJ,1
2017,BULGARIA,2.2,ME,2
2017,BURKINA FASO,2.2,ME,1
2017,CAMEROON,2.2,ME,2
2017,CANADA,1.1,WE,2
2017,CANADA,1.2,ME,1
2017,CANADA,1.2,WE,1
2017,CANADA,1.UWT,ME,2
2017,CANADA,2.1,ME,1
2017,CANADA,2.2,ME,2
2017,CANADA,2.Ncup,MJ,1
2017,CHILE,2.2,ME,1
2017,CHINESE TAIPEI,2.1,ME,1
2017,COLOMBIA,2.2,ME,1
2017,COSTA RICA,1.2,ME,1
2017,COSTA RICA,2.2,ME,1
2017,COSTA RICA,2.2,WE,1
2017,COTE D'IVOIRE,2.2,ME,1
2017,CROATIA,1.2,ME,3
2017,CROATIA,2.1,ME,1
2017,CROATIA,2.2,ME,1
2017,CZECH REPUBLIC,1.2,ME,1
2017,CZECH REPUBLIC,2.1,ME,1
2017,CZECH REPUBLIC,2.2,ME,2
2017,CZECH REPUBLIC,2.2,WE,2
2017,CZECH REPUBLIC,2.Ncup,MJ,1
2017,CZECH REPUBLIC,2.Ncup,MU,1
2017,DENMARK,1.2,ME,5
2017,DENMARK,2.HC,ME,1
2017,DOMINICAN REPUBLIC,2.2,ME,1
2017,ERITREA,1.2,ME,3
2017,ERITREA,2.2,ME,1
2017,ESTONIA,2.1,ME,1
2017,ESTONIA,2.2,ME,1
2017,ETHIOPIA,2.2,ME,1
2017,FRANCE,1.1,ME,19
2017,FRANCE,1.1,MJ,4
2017,FRANCE,1.1,WE,3
2017,FRANCE,1.1,WJ,1
2017,FRANCE,1.2,ME,7
2017,FRANCE,1.2U,MU,3
2017,FRANCE,1.HC,ME,3
2017,FRANCE,1.Ncup,MJ,1
2017,FRANCE,1.UWT,ME,2
2017,FRANCE,1.WWT,WE,2
2017,FRANCE,2.1,ME,9
2017,FRANCE,2.1,MJ,3
2017,FRANCE,2.2,ME,14
2017,FRANCE,2.2,WE,1
2017,FRANCE,2.2U,MU,1
2017,FRANCE,2.HC,ME,1
2017,FRANCE,2.Ncup,MJ,1
2017,FRANCE,2.Ncup,MU,1
2017,FRANCE,2.UWT,ME,3
2017,GABON,2.1,ME,1
2017,GERMANY,1.1,ME,2
2017,GERMANY,1.2U,MU,1
2017,GERMANY,1.HC,ME,1
2017,GERMANY,1.UWT,ME,2
2017,GERMANY,2.1,MJ,2
2017,GERMANY,2.1,WE,1
2017,GERMANY,2.Ncup,MJ,1
2017,GREAT BRITAIN,1.1,ME,1
2017,GREAT BRITAIN,1.1,WE,1
2017,GREAT BRITAIN,1.2,ME,2
2017,GREAT BRITAIN,1.UWT,ME,1
2017,GREAT BRITAIN,1.WWT,WE,1
2017,GREAT BRITAIN,2.1,ME,1
2017,GREAT BRITAIN,2.HC,ME,1
2017,GREAT BRITAIN,2.WWT,WE,1
2017,GREECE,1.2,ME,1
2017,GREECE,2.2,ME,1
2017,GUATEMALA,2.2,ME,1
2017,"HONG KONG, CHINA",1.1,ME,1
2017,HUNGARY,1.2,ME,2
2017,HUNGARY,2.2,ME,2
2017,INDONESIA,2.2,ME,4
2017,IRELAND,2.2,ME,1
2017,ISLAMIC REPUBLIC OF IRAN,2.1,ME,1
2017,ITALY,1.1,ME,7
2017,ITALY,1.1,MJ,8
2017,ITALY,1.1,WE,3
2017,ITALY,1.2,ME,6
2017,ITALY,1.2,WE,1
2017,ITALY,1.2U,MU,11
2017,ITALY,1.HC,ME,6
2017,ITALY,1.Ncup,WJ,1
2017,ITALY,1.UWT,ME,3
2017,ITALY,1.WWT,WE,2
2017,ITALY,2.1,ME,2
2017,ITALY,2.1,MJ,2
2017,ITALY,2.2,WE,1
2017,ITALY,2.2U,MU,3
2017,ITALY,2.HC,ME,1
2017,ITALY,2.UWT,ME,2
2017,ITALY,2.WWT,WE,1
2017,JAPAN,1.2,ME,1
2017,JAPAN,1.HC,ME,1
2017,JAPAN,2.1,ME,1
2017,JAPAN,2.2,ME,3
2017,KAZAKHSTAN,2.1,ME,1
2017,KOREA,2.1,ME,1
2017,KOREA,2.Ncup,MJ,1
2017,LUXEMBOURG,1.1,MJ,1
2017,LUXEMBOURG,2.1,WE,1
2017,LUXEMBOURG,2.2,ME,1
2017,LUXEMBOURG,2.HC,ME,1
2017,LUXEMBOURG,2.Ncup,MJ,1
2017,MALAYSIA,2.2,ME,2
2017,MALAYSIA,2.HC,ME,1
2017,MOROCCO,1.2,ME,6
2017,MOROCCO,2.2,ME,1
2017,NETHERLANDS,1.1,ME,5
2017,NETHERLANDS,1.1,MJ,1
2017,NETHERLANDS,1.1,WE,1
2017,NETHERLANDS,1.2,ME,7
2017,NETHERLANDS,1.2,WE,3
2017,NETHERLANDS,1.Ncup,MU,1
2017,NETHERLANDS,1.UWT,ME,1
2017,NETHERLANDS,1.WWT,WE,2
2017,NETHERLANDS,2.1,ME,2
2017,NETHERLANDS,2.1,MJ,1
2017,NETHERLANDS,2.2,ME,1
2017,NETHERLANDS,2.2,WE,1
2017,NETHERLANDS,2.2U,MU,1
2017,NETHERLANDS,2.Ncup,WJ,2
2017,NETHERLANDS,2.WWT,WE,1
2017,NEW ZEALAND,2.2,ME,1
2017,NORWAY,1.2,ME,2
2017,NORWAY,2.1,ME,1
2017,NORWAY,2.HC,ME,2
2017,NORWAY,2.WWT,WE,1
2017,OMAN,2.HC,ME,1
2017,PEOPLE'S REPUBLIC OF CHINA,1.1,WE,1
2017,PEOPLE'S REPUBLIC OF CHINA,1.2,ME,1
2017,PEOPLE'S REPUBLIC OF CHINA,2.1,ME,5
2017,PEOPLE'S REPUBLIC OF CHINA,2.2,ME,1
2017,PEOPLE'S REPUBLIC OF CHINA,2.2,WE,1
2017,PEOPLE'S REPUBLIC OF CHINA,2.HC,ME,2
2017,PEOPLE'S REPUBLIC OF CHINA,2.UWT,ME,1
2017,PEOPLE'S REPUBLIC OF CHINA,2.WWT,WE,1
2017,PHILIPPINES,2.2,ME,1
2017,POLAND,1.2,ME,9
2017,POLAND,2.1,ME,1
2017,POLAND,2.1,MJ,1
2017,POLAND,2.2,ME,5
2017,POLAND,2.2U,MU,1
2017,POLAND,2.UWT,ME,1
2017,PORTUGAL,1.2,ME,2
2017,PORTUGAL,2.1,ME,3
2017,PORTUGAL,2.2,ME,1
2017,PORTUGAL,2.2U,MU,1
2017,PORTUGAL,2.HC,ME,1
2017,ROMANIA,2.1,ME,1
2017,ROMANIA,2.2,ME,2
2017,RUSSIAN FEDERATION,2.2,ME,1
2017,RWANDA,2.2,ME,1
2017,SENEGAL,2.2,ME,1
2017,SERBIA,1.2,ME,1
2017,SERBIA,2.1,MJ,1
2017,SERBIA,2.2,ME,1
2017,SLOVAKIA,1.2,ME,1
2017,SLOVAKIA,2.1,ME,1
2017,SLOVENIA,1.2,ME,4
2017,SLOVENIA,1.2,WE,1
2017,SLOVENIA,2.1,ME,1
2017,SOUTH AFRICA,1.1,WE,1
2017,SOUTH AFRICA,1.2,WE,2
2017,SPAIN,1.1,ME,11
2017,SPAIN,1.2,WE,1
2017,SPAIN,1.UWT,ME,1
2017,SPAIN,1.WWT,WE,1
2017,SPAIN,2.1,ME,4
2017,SPAIN,2.1,WE,1
2017,SPAIN,2.2,WE,1
2017,SPAIN,2.HC,ME,2
2017,SPAIN,2.UWT,ME,3
2017,SWEDEN,1.2,ME,2
2017,SWEDEN,1.WWT,WE,2
2017,SWITZERLAND,1.2,ME,2
2017,SWITZERLAND,1.2,WE,1
2017,SWITZERLAND,1.HC,ME,2
2017,SWITZERLAND,2.1,MJ,1
2017,SWITZERLAND,2.Ncup,MJ,1
2017,SWITZERLAND,2.UWT,ME,2
2017,THAILAND,2.1,ME,1
2017,THAILAND,2.1,WE,1
2017,TRINIDAD AND TOBAGO,1.2,ME,1
2017,TUNISIA,2.2,ME,1
2017,TURKEY,2.2,ME,2
2017,TURKEY,2.UWT,ME,1
2017,UKRAINE,1.2,ME,5
2017,UKRAINE,1.2,WE,2
2017,UKRAINE,2.2,ME,1
2017,UNITED ARAB EMIRATES,1.1,ME,1
2017,UNITED ARAB EMIRATES,2.1,ME,1
2017,UNITED ARAB EMIRATES,2.HC,ME,1
2017,UNITED ARAB EMIRATES,2.UWT,ME,1
2017,UNITED STATES OF AMERICA,1.1,ME,1
2017,UNITED STATES OF AMERICA,1.1,WE,1
2017,UNITED STATES OF AMERICA,2.2,ME,3
2017,UNITED STATES OF AMERICA,2.2,WE,3
2017,UNITED STATES OF AMERICA,2.HC,ME,2
2017,UNITED STATES OF AMERICA,2.UWT,ME,1
2017,UNITED STATES OF AMERICA,2.WWT,WE,1
2017,URUGUAY,2.2,ME,1
2018,ALBANIA,2.2,ME,1
2018,ALGERIA,2.2,ME,4
2018,ARGENTINA,2.1,ME,1
2018,AUSTRALIA,1.1,WE,1
2018,AUSTRALIA,1.UWT,ME,1
2018,AUSTRALIA,2.1,ME,1
2018,AUSTRALIA,2.1,WE,1
2018,AUSTRALIA,2.2,WE,1
2018,AUSTRALIA,2.UWT,ME,1
2018,AUSTRIA,1.2,ME,1
2018,AUSTRIA,2.1,ME,1
2018,AUSTRIA,2.1,MJ,1
2018,AUSTRIA,2.2,ME,1
2018,BELARUS,1.2,ME,2
2018,BELGIUM,1.1,ME,23
2018,BELGIUM,1.1,MJ,10
2018,BELGIUM,1.1,WE,8
2018,BELGIUM,1.2,ME,10
2018,BELGIUM,1.2,WE,6
2018,BELGIUM,1.2U,MU,1
2018,BELGIUM,1.HC,ME,9
2018,BELGIUM,1.Ncup,MJ,1
2018,BELGIUM,1.Ncup,MU,2
2018,BELGIUM,1.Ncup,WJ,1
2018,BELGIUM,1.UWT,ME,7
2018,BELGIUM,1.WWT,WE,5
2018,BELGIUM,2.1,MJ,2
2018,BELGIUM,2.1,WE,2
2018,BELGIUM,2.2U,MU,1
2018,BELGIUM,2.HC,ME,2
2018,BELGIUM,2.UWT,ME,1
2018,BOLIVARIAN REPUBLIC OF VENEZUELA,2.2,ME,3
2018,BOSNIA AND HERZEGOVINA,2.1,ME,1
2018,BULGARIA,2.1,MJ,1
2018,BURKINA FASO,2.2,ME,1
2018,CAMEROON,2.2,ME,2
2018,CAMEROON,2.Ncup,MU,1
2018,CANADA,1.1,WE,2
2018,CANADA,1.2,ME,1
2018,CANADA,1.2,WE,1
2018,CANADA,1.UWT,ME,2
2018,CANADA,2.2,ME,1
2018,CANADA,2.Ncup,MJ,1
2018,CHINESE TAIPEI,2.1,ME,1
2018,COLOMBIA,2.1,ME,1
2018,COLOMBIA,2.2,WE,2
2018,COSTA RICA,2.2,ME,1
2018,COTE D'IVOIRE,2.2,ME,1
2018,CROATIA,1.2,ME,3
2018,CROATIA,2.2,ME,1
2018,CROATIA,2.HC,ME,1
2018,CZECH REPUBLIC,1.2,ME,1
2018,CZECH REPUBLIC,2.1,ME,1
2018,CZECH REPUBLIC,2.2,ME,1
2018,CZECH REPUBLIC,2.2,WE,2
2018,CZECH REPUBLIC,2.Ncup,MJ,1
2018,CZECH REPUBLIC,2.Ncup,MU,1
2018,DENMARK,1.1,ME,2
2018,DENMARK,1.2,ME,2
2018,DENMARK,2.HC,ME,1
2018,ESTONIA,2.1,ME,1
2018,ESTONIA,2.2,ME,1
2018,FRANCE,1.1,ME,20
2018,FRANCE,1.1,MJ,3
2018,FRANCE,1.1,WE,4
2018,FRANCE,1.1,WJ,1
2018,FRANCE,1.2,ME,8
2018,FRANCE,1.2,WE,2
2018,FRANCE,1.2U,MU,3
2018,FRANCE,1.HC,ME,3
2018,FRANCE,1.Ncup,MJ,1
2018,FRANCE,1.UWT,ME,2
2018,FRANCE,1.WWT,WE,2
2018,FRANCE,2.1,ME,9
2018,FRANCE,2.1,MJ,4
2018,FRANCE,2.1,WE,1
2018,FRANCE,2.2,ME,12
2018,FRANCE,2.2U,MU,1
2018,FRANCE,2.HC,ME,1
2018,FRANCE,2.Ncup,MJ,1
2018,FRANCE,2.Ncup,MU,1
2018,FRANCE,2.UWT,ME,3
2018,GABON,2.1,ME,1
2018,GERMANY,1.1,ME,1
2018,GERMANY,1.2U,MU,1
2018,GERMANY,1.HC,ME,1
2018,GERMANY,1.UWT,ME,2
2018,GERMANY,2.1,ME,1
2018,GERMANY,2.1,MJ,1
2018,GERMANY,2.1,WE,1
2018,GERMANY,2.Ncup,MJ,1
2018,GREAT BRITAIN,1.2,ME,1
2018,GREAT BRITAIN,1.UWT,ME,1
2018,GREAT BRITAIN,1.WWT,WE,1
2018,GREAT BRITAIN,2.1,ME,1
2018,GREAT BRITAIN,2.1,WE,1
2018,GREAT BRITAIN,2.HC,ME,1
2018,GREAT BRITAIN,2.WWT,WE,1
2018,GREECE,1.2,ME,1
2018,GREECE,2.2,ME,1
2018,GUATEMALA,2.2,ME,1
2018,GUATEMALA,2.2,WE,1
2018,"HONG KONG, CHINA",1.1,ME,1
2018,HUNGARY,1.2,ME,2
2018,HUNGARY,2.1,ME,1
2018,HUNGARY,2.2,ME,1
2018,INDONESIA,2.1,ME,1
2018,INDONESIA,2.2,ME,4
2018,IRELAND,2.2,ME,1
2018,ISLAMIC REPUBLIC OF IRAN,2.1,ME,1
2018,ITALY,1.1,ME,7
2018,ITALY,1.1,MJ,8
2018,ITALY,1.1,WE,2
2018,ITALY,1.2,ME,6
2018,ITALY,1.2,WE,1
2018,ITALY,1.2U,MU,11
2018,ITALY,1.HC,ME,7
2018,ITALY,1.Ncup,WJ,1
2018,ITALY,1.UWT,ME,3
2018,ITALY,1.WWT,WE,2
2018,ITALY,2.1,ME,2
2018,ITALY,2.1,MJ,3
2018,ITALY,2.2,ME,1
2018,ITALY,2.2,WE,1
2018,ITALY,2.2U,MU,3
2018,ITALY,2.HC,ME,1
2018,ITALY,2.UWT,ME,2
2018,ITALY,2.WWT,WE,1
2018,JAPAN,1.2,ME,2
2018,JAPAN,1.HC,ME,1
2018,JAPAN,2.1,ME,1
2018,JAPAN,2.2,ME,2
2018,KAZAKHSTAN,2.1,ME,1
2018,KOREA,2.1,ME,1
2018,KOREA,2.Ncup,MJ,1
2018,LUXEMBOURG,1.1,MJ,1
2018,LUXEMBOURG,2.1,WE,1
2018,LUXEMBOURG,2.2,ME,1
2018,LUXEMBOURG,2.HC,ME,1
2018,LUXEMBOURG,2.Ncup,MJ,1
2018,MALAYSIA,2.HC,ME,1
2018,MOROCCO,2.2,ME,1
2018,NETHERLANDS,1.1,ME,4
2018,NETHERLANDS,1.1,MJ,1
2018,NETHERLANDS,1.1,WE,2
2018,NETHERLANDS,1.2,ME,7
2018,NETHERLANDS,1.2,WE,3
2018,NETHERLANDS,1.HC,ME,1
2018,NETHERLANDS,1.Ncup,MU,1
2018,NETHERLANDS,1.UWT,ME,1
2018,NETHERLANDS,1.WWT,WE,2
2018,NETHERLANDS,2.1,ME,1
2018,NETHERLANDS,2.1,MJ,1
2018,NETHERLANDS,2.1,WE,1
2018,NETHERLANDS,2.1,WJ,1
2018,NETHERLANDS,2.2U,MU,1
2018,NETHERLANDS,2.Ncup,WJ,2
2018,NETHERLANDS,2.WWT,WE,1
2018,NEW ZEALAND,1.2,ME,1
2018,NEW ZEALAND,2.2,ME,1
2018,NORWAY,1.2,ME,5
2018,NORWAY,1.WWT,WE,1
2018,NORWAY,2.1,ME,1
2018,NORWAY,2.HC,ME,3
2018,NORWAY,2.WWT,WE,1
2018,OMAN,2.HC,ME,1
2018,PEOPLE'S REPUBLIC OF CHINA,1.WWT,WE,1
2018,PEOPLE'S REPUBLIC OF CHINA,2.1,ME,4
2018,PEOPLE'S REPUBLIC OF CHINA,2.2,ME,2
2018,PEOPLE'S REPUBLIC OF CHINA,2.2,WE,2
2018,PEOPLE'S REPUBLIC OF CHINA,2.HC,ME,2
2018,PEOPLE'S REPUBLIC OF CHINA,2.UWT,ME,1
2018,PEOPLE'S REPUBLIC OF CHINA,2.WWT,WE,1
2018,PHILIPPINES,2.2,ME,1
2018,POLAND,1.2,ME,7
2018,POLAND,2.1,ME,1
2018,POLAND,2.1,MJ,1
2018,POLAND,2.2,ME,5
2018,POLAND,2.2U,MU,1
2018,POLAND,2.UWT,ME,1
2018,PORTUGAL,1.2,ME,2
2018,PORTUGAL,2.1,ME,2
2018,PORTUGAL,2.2,ME,3
2018,PORTUGAL,2.HC,ME,1
2018,ROMANIA,2.1,ME,1
2018,ROMANIA,2.2,ME,3
2018,RUSSIAN FEDERATION,2.2,ME,1
2018,RWANDA,2.2,ME,2
2018,SENEGAL,2.2,ME,1
2018,SERBIA,2.1,MJ,1
2018,SERBIA,2.2,ME,1
2018,SLOVAKIA,1.2,ME,1
2018,SLOVAKIA,2.1,ME,1
2018,SLOVENIA,1.2,ME,4
2018,SLOVENIA,1.2,WE,1
2018,SLOVENIA,2.1,ME,1
2018,SOUTH AFRICA,1.1,WE,1
2018,SOUTH AFRICA,1.2,ME,1
2018,SOUTH AFRICA,2.2,ME,1
2018,SPAIN,1.1,ME,9
2018,SPAIN,1.2,WE,1
2018,SPAIN,1.HC,ME,1
2018,SPAIN,1.UWT,ME,1
2018,SPAIN,2.1,ME,5
2018,SPAIN,2.2,WE,1
2018,SPAIN,2.HC,ME,2
2018,SPAIN,2.UWT,ME,3
2018,SPAIN,2.WWT,WE,2
2018,SRI LANKA,2.2,ME,1
2018,SWEDEN,1.2,ME,2
2018,SWEDEN,1.WWT,WE,2
2018,SWEDEN,2.2,WE,1
2018,SWITZERLAND,1.1,ME,1
2018,SWITZERLAND,1.2,WE,1
2018,SWITZERLAND,1.HC,ME,1
2018,SWITZERLAND,2.1,MJ,1
2018,SWITZERLAND,2.Ncup,MJ,1
2018,SWITZERLAND,2.UWT,ME,2
2018,THAILAND,2.1,ME,1
2018,THAILAND,2.1,WE,1
2018,TUNISIA,1.2,ME,1
2018,TUNISIA,2.2,ME,1
2018,TURKEY,1.2,ME,2
2018,TURKEY,2.2,ME,9
2018,TURKEY,2.2,WE,1
2018,TURKEY,2.UWT,ME,1
2018,UKRAINE,1.2,ME,3
2018,UKRAINE,1.2,WE,2
2018,UNITED ARAB EMIRATES,2.1,ME,1
2018,UNITED ARAB EMIRATES,2.HC,ME,1
2018,UNITED ARAB EMIRATES,2.UWT,ME,1
2018,UNITED STATES OF AMERICA,1.1,ME,1
2018,UNITED STATES OF AMERICA,1.1,WE,1
2018,UNITED STATES OF AMERICA,1.2,ME,1
2018,UNITED STATES OF AMERICA,1.2,WE,1
2018,UNITED STATES OF AMERICA,2.2,ME,2
2018,UNITED STATES OF AMERICA,2.2,WE,2
2018,UNITED STATES OF AMERICA,2.HC,ME,2
2018,UNITED STATES OF AMERICA,2.UWT,ME,1
2018,UNITED STATES OF AMERICA,2.WWT,WE,1
2018,URUGUAY,2.2,ME,1
2019,ALBANIA,2.2,ME,1
2019,ARGENTINA,2.1,ME,1
2019,AUSTRALIA,1.1,WE,1
2019,AUSTRALIA,1.UWT,ME,1
2019,AUSTRALIA,2.1,ME,1
2019,AUSTRALIA,2.1,WE,1
2019,AUSTRALIA,2.2,WE,1
2019,AUSTRALIA,2.UWT,ME,1
2019,AUSTRIA,1.2,ME,1
2019,AUSTRIA,2.1,ME,1
2019,AUSTRIA,2.1,MJ,1
2019,AUSTRIA,2.2,ME,1
2019,BELARUS,1.2,ME,2
2019,BELGIUM,1.1,ME,23
2019,BELGIUM,1.1,MJ,9
2019,BELGIUM,1.1,WE,9
2019,BELGIUM,1.2,ME,6
2019,BELGIUM,1.2,WE,5
2019,BELGIUM,1.2U,MU,2
2019,BELGIUM,1.HC,ME,8
2019,BELGIUM,1.Ncup,MJ,1
2019,BELGIUM,1.Ncup,MU,2
2019,BELGIUM,1.Ncup,WJ,1
2019,BELGIUM,1.UWT,ME,8
2019,BELGIUM,1.WWT,WE,5
2019,BELGIUM,2.1,MJ,3
2019,BELGIUM,2.1,WE,2
2019,BELGIUM,2.2U,MU,1
2019,BELGIUM,2.HC,ME,2
2019,BELGIUM,2.UWT,ME,1
2019,BOLIVARIAN REPUBLIC OF VENEZUELA,1.2,WE,1
2019,BOLIVARIAN REPUBLIC OF VENEZUELA,2.2,ME,3
2019,BOLIVARIAN REPUBLIC OF VENEZUELA,2.2,WE,1
2019,BOSNIA AND HERZEGOVINA,2.1,ME,1
2019,BULGARIA,2.2,ME,1
2019,BURKINA FASO,2.2,ME,1
2019,CAMEROON,2.2,ME,2
2019,CAMEROON,2.Ncup,MU,1
2019,CANADA,1.1,WE,2
2019,CANADA,1.2,ME,1
2019,CANADA,1.2,WE,1
2019,CANADA,1.UWT,ME,2
2019,CANADA,2.2,ME,2
2019,CANADA,2.Ncup,MJ,1
2019,CHILE,2.2,ME,1
2019,CHINESE TAIPEI,2.1,ME,1
2019,COLOMBIA,2.1,ME,1
2019,COSTA RICA,1.2,ME,2
2019,COSTA RICA,1.2,WE,4
2019,COSTA RICA,2.2,ME,1
2019,COSTA RICA,2.2,WE,2
2019,CROATIA,1.2,ME,2
2019,CROATIA,2.1,ME,1
2019,CROATIA,2.2,ME,1
2019,CYPRUS,1.2,WE,2
2019,CZECH REPUBLIC,2.1,ME,1
2019,CZECH REPUBLIC,2.2,WE,2
2019,CZECH REPUBLIC,2.Ncup,MJ,1
2019,CZECH REPUBLIC,2.Ncup,MU,1
2019,DENMARK,1.2,ME,3
2019,DENMARK,2.HC,ME,1
2019,DOMINICAN REPUBLIC,2.2,ME,1
2019,ECUADOR,2.2,ME,1
2019,EGYPT,2.2,ME,1
2019,ESTONIA,2.1,ME,1
2019,FRANCE,1.1,ME,21
2019,FRANCE,1.1,MJ,4
2019,FRANCE,1.1,WE,4
2019,FRANCE,1.1,WJ,1
2019,FRANCE,1.2,ME,8
2019,FRANCE,1.2,WE,4
2019,FRANCE,1.2U,MU,3
2019,FRANCE,1.HC,ME,3
2019,FRANCE,1.Ncup,MJ,1
2019,FRANCE,1.Ncup,MU,1
2019,FRANCE,1.UWT,ME,2
2019,FRANCE,1.WWT,WE,2
2019,FRANCE,2.1,ME,9
2019,FRANCE,2.1,MJ,3
2019,FRANCE,2.1,WE,1
2019,FRANCE,2.2,ME,14
2019,FRANCE,2.2,WE,2
2019,FRANCE,2.2U,MU,1
2019,FRANCE,2.HC,ME,1
2019,FRANCE,2.Ncup,MJ,1
2019,FRANCE,2.Ncup,MU,1
2019,FRANCE,2.UWT,ME,3
2019,GABON,2.1,ME,1
2019,GERMANY,1.1,ME,1
2019,GERMANY,1.2U,MU,1
2019,GERMANY,1.HC,ME,1
2019,GERMANY,1.UWT,ME,2
2019,GERMANY,2.1,MJ,1
2019,GERMANY,2.1,WE,1
2019,GERMANY,2.HC,ME,1
2019,GERMANY,2.Ncup,MJ,1
2019,GREAT BRITAIN,1.2,ME,1
2019,GREAT BRITAIN,1.UWT,ME,1
2019,GREAT BRITAIN,1.WWT,WE,1
2019,GREAT BRITAIN,2.1,WE,2
2019,GREAT BRITAIN,2.HC,ME,2
2019,GREAT BRITAIN,2.WWT,WE,1
2019,GREECE,1.2,ME,1
2019,GREECE,2.2,ME,1
2019,GUATEMALA,1.2,ME,2
2019,GUATEMALA,2.2,ME,1
2019,GUATEMALA,2.2,WE,1
2019,HUNGARY,1.2,ME,5
2019,HUNGARY,1.2,WE,2
2019,HUNGARY,2.1,ME,1
2019,INDONESIA,2.1,ME,1
2019,INDONESIA,2.2,ME,3
2019,ISLAMIC REPUBLIC OF IRAN,2.1,ME,1
2019,ISRAEL,1.2,WE,2
2019,ITALY,1.1,ME,7
2019,ITALY,1.1,MJ,7
2019,ITALY,1.1,WE,2
2019,ITALY,1.2,ME,5
2019,ITALY,1.2U,MU,11
2019,ITALY,1.HC,ME,7
2019,ITALY,1.Ncup,WJ,1
2019,ITALY,1.UWT,ME,3
2019,ITALY,1.WWT,WE,2
2019,ITALY,2.1,ME,3
2019,ITALY,2.1,MJ,1
2019,ITALY,2.2,ME,1
2019,ITALY,2.2,WE,2
2019,ITALY,2.2U,MU,2
2019,ITALY,2.HC,ME,1
2019,ITALY,2.UWT,ME,2
2019,ITALY,2.WWT,WE,1
2019,JAPAN,1.2,ME,3
2019,JAPAN,1.HC,ME,1
2019,JAPAN,2.1,ME,1
2019,JAPAN,2.2,ME,3
2019,KAZAKHSTAN,2.1,ME,1
2019,KOREA,2.1,ME,1
2019,KOREA,2.Ncup,MJ,1
2019,KOSOVO,2.2,ME,1
2019,LUXEMBOURG,1.1,MJ,2
2019,LUXEMBOURG,1.Ncup,MJ,1
2019,LUXEMBOURG,2.1,WE,1
2019,LUXEMBOURG,2.2,ME,1
2019,LUXEMBOURG,2.HC,ME,1
2019,MALAYSIA,2.1,ME,1
2019,MALAYSIA,2.2,ME,1
2019,MALAYSIA,2.HC,ME,1
2019,MEXICO,2.2,ME,1
2019,MOROCCO,1.2,ME,6
2019,MOROCCO,2.2,ME,2
2019,NETHERLANDS,1.1,ME,4
2019,NETHERLANDS,1.1,MJ,1
2019,NETHERLANDS,1.1,WE,1
2019,NETHERLANDS,1.2,ME,5
2019,NETHERLANDS,1.2,WE,2
2019,NETHERLANDS,1.HC,ME,1
2019,NETHERLANDS,1.UWT,ME,1
2019,NETHERLANDS,1.WWT,WE,2
2019,NETHERLANDS,2.1,ME,2
2019,NETHERLANDS,2.1,MJ,1
2019,NETHERLANDS,2.1,WE,1
2019,NETHERLANDS,2.Ncup,WJ,3
2019,NETHERLANDS,2.WWT,WE,1
2019,NEW ZEALAND,1.2,ME,1
2019,NEW ZEALAND,1.2,WE,1
2019,NEW ZEALAND,2.2,ME,1
2019,NORWAY,1.2,ME,5
2019,NORWAY,2.1,ME,1
2019,NORWAY,2.HC,ME,2
2019,NORWAY,2.WWT,WE,1
2019,OMAN,2.HC,ME,1
2019,PEOPLE'S REPUBLIC OF CHINA,1.2,WE,5
2019,PEOPLE'S REPUBLIC OF CHINA,2.1,ME,4
2019,PEOPLE'S REPUBLIC OF CHINA,2.2,ME,3
2019,PEOPLE'S REPUBLIC OF CHINA,2.2,WE,1
2019,PEOPLE'S REPUBLIC OF CHINA,2.HC,ME,2
2019,PEOPLE'S REPUBLIC OF CHINA,2.UWT,ME,1
2019,PEOPLE'S REPUBLIC OF CHINA,2.WWT,WE,1
2019,PHILIPPINES,2.2,ME,3
2019,POLAND,1.2,ME,8
2019,POLAND,2.1,ME,1
2019,POLAND,2.1,MJ,1
2019,POLAND,2.2,ME,5
2019,POLAND,2.2U,MU,1
2019,POLAND,2.Ncup,MU,1
2019,POLAND,2.UWT,ME,1
2019,PORTUGAL,1.2,ME,1
2019,PORTUGAL,2.1,ME,2
2019,PORTUGAL,2.2,ME,2
2019,PORTUGAL,2.HC,ME,1
2019,ROMANIA,2.1,ME,3
2019,ROMANIA,2.2,ME,1
2019,RUSSIAN FEDERATION,2.2,ME,1
2019,RWANDA,2.1,ME,1
2019,SERBIA,2.1,MJ,1
2019,SERBIA,2.2,ME,1
2019,SLOVAKIA,1.2,ME,1
2019,SLOVAKIA,2.1,ME,1
2019,SLOVENIA,1.2,ME,4
2019,SLOVENIA,1.2,WE,1
2019,SLOVENIA,2.HC,ME,1
2019,SOUTH AFRICA,1.2,ME,1
2019,SOUTH AFRICA,2.2,ME,2
2019,SPAIN,1.1,ME,8
2019,SPAIN,1.1,MJ,1
2019,SPAIN,1.1,WE,1
2019,SPAIN,1.2,WE,4
2019,SPAIN,1.HC,ME,1
2019,SPAIN,1.UWT,ME,1
2019,SPAIN,2.1,ME,6
2019,SPAIN,2.1,WE,1
2019,SPAIN,2.2,WE,1
2019,SPAIN,2.HC,ME,2
2019,SPAIN,2.UWT,ME,3
2019,SPAIN,2.WWT,WE,2
2019,SWEDEN,1.2,ME,2
2019,SWEDEN,1.WWT,WE,2
2019,SWEDEN,2.2,WE,1
2019,SWITZERLAND,1.1,ME,1
2019,SWITZERLAND,1.2,WE,1
2019,SWITZERLAND,1.HC,ME,1
2019,SWITZERLAND,2.1,MJ,1
2019,SWITZERLAND,2.Ncup,MJ,1
2019,SWITZERLAND,2.UWT,ME,2
2019,THAILAND,1.1,WE,1
2019,THAILAND,2.1,ME,1
2019,THAILAND,2.1,WE,2
2019,TURKEY,1.2,ME,10
2019,TURKEY,1.2,WE,4
2019,TURKEY,2.2,ME,7
2019,TURKEY,2.UWT,ME,1
2019,UKRAINE,1.2,ME,6
2019,UKRAINE,1.2,WE,4
2019,UNITED ARAB EMIRATES,2.UWT,ME,1
2019,UNITED STATES OF AMERICA,1.1,WE,1
2019,UNITED STATES OF AMERICA,1.2,ME,2
2019,UNITED STATES OF AMERICA,1.2,WE,1
2019,UNITED STATES OF AMERICA,2.1,WE,1
2019,UNITED STATES OF AMERICA,2.2,ME,2
2019,UNITED STATES OF AMERICA,2.2,WE,2
2019,UNITED STATES OF AMERICA,2.HC,ME,1
2019,UNITED STATES OF AMERICA,2.UWT,ME,1
2019,UNITED STATES OF AMERICA,2.WWT,WE,1
2019,URUGUAY,2.2,ME,1
